{"Mean":{"confidence_interval":{"confidence_level":0.95,"lower_bound":3.6224483351322587,"upper_bound":3.633399999651921},"point_estimate":3.6281206841239215,"standard_error":0.002792802887353274},"Median":{"confidence_interval":{"confidence_level":0.95,"lower_bound":3.6342344026982776,"upper_bound":3.635428543948237},"point_estimate":3.635120876999607,"standard_error":0.00030839320187993075},"MedianAbsDev":{"confidence_interval":{"confidence_level":0.95,"lower_bound":0.0023954646434862998,"upper_bound":0.004369042165357533},"point_estimate":0.0033188547087036175,"standard_error":0.0005138294023646592},"Slope":{"confidence_interval":{"confidence_level":0.95,"lower_bound":3.6165120826619206,"upper_bound":3.6306921538142642},"point_estimate":3.6241445600910076,"standard_error":0.003635825531526475},"StdDev":{"confidence_interval":{"confidence_level":0.95,"lower_bound":0.021100932203315003,"upper_bound":0.033718523438977355},"point_estimate":0.028043579350990833,"standard_error":0.0032221954931972723}}