{"Mean":{"confidence_interval":{"confidence_level":0.95,"lower_bound":5.46064518548498,"upper_bound":5.471911305308738},"point_estimate":5.4658944062889665,"standard_error":0.0028817837912799562},"Median":{"confidence_interval":{"confidence_level":0.95,"lower_bound":5.460444381532184,"upper_bound":5.465407758791292},"point_estimate":5.462368740209173,"standard_error":0.0012237055106073904},"MedianAbsDev":{"confidence_interval":{"confidence_level":0.95,"lower_bound":0.008770569093243327,"upper_bound":0.0180138459317725},"point_estimate":0.01212400647842446,"standard_error":0.0023081384439996504},"Slope":{"confidence_interval":{"confidence_level":0.95,"lower_bound":5.460263347620186,"upper_bound":5.468081282331564},"point_estimate":5.463992275703113,"standard_error":0.001997659762270679},"StdDev":{"confidence_interval":{"confidence_level":0.95,"lower_bound":0.017462249842130188,"upper_bound":0.039176981887802075},"point_estimate":0.029006759735480198,"standard_error":0.005601791726799678}}