{"Mean":{"confidence_interval":{"confidence_level":0.95,"lower_bound":6.565497417712347,"upper_bound":6.595811406632457},"point_estimate":6.580702919767949,"standard_error":0.007754838404163521},"Median":{"confidence_interval":{"confidence_level":0.95,"lower_bound":6.60192533821865,"upper_bound":6.604435737288831},"point_estimate":6.602868283375248,"standard_error":0.0006595060900635678},"MedianAbsDev":{"confidence_interval":{"confidence_level":0.95,"lower_bound":0.005173727422481812,"upper_bound":0.011729961918291645},"point_estimate":0.006771252751500724,"standard_error":0.001659868153517202},"Slope":{"confidence_interval":{"confidence_level":0.95,"lower_bound":6.548786473787941,"upper_bound":6.582062751760904},"point_estimate":6.566333540664658,"standard_error":0.008530890211514555},"StdDev":{"confidence_interval":{"confidence_level":0.95,"lower_bound":0.06036362161610496,"upper_bound":0.09458330658046334},"point_estimate":0.07794701628675069,"standard_error":0.008730929343358933}}