{"Mean":{"confidence_interval":{"confidence_level":0.95,"lower_bound":3.2827067690353635,"upper_bound":3.2979982618932704},"point_estimate":3.29005961879524,"standard_error":0.0039072799707254285},"Median":{"confidence_interval":{"confidence_level":0.95,"lower_bound":3.2701931601401357,"upper_bound":3.2775473000724418},"point_estimate":3.27364933737371,"standard_error":0.0017511754065350877},"MedianAbsDev":{"confidence_interval":{"confidence_level":0.95,"lower_bound":0.015487028565673579,"upper_bound":0.03124301240257673},"point_estimate":0.023685276599764816,"standard_error":0.004103049670132954},"Slope":{"confidence_interval":{"confidence_level":0.95,"lower_bound":3.2747596166553055,"upper_bound":3.289610997481088},"point_estimate":3.2816220590768066,"standard_error":0.003807420682576414},"StdDev":{"confidence_interval":{"confidence_level":0.95,"lower_bound":0.03136120407218579,"upper_bound":0.047927820918570806},"point_estimate":0.03924694691411769,"standard_error":0.004381820519417904}}