{"Mean":{"confidence_interval":{"confidence_level":0.95,"lower_bound":11.493751182408216,"upper_bound":11.57441529991345},"point_estimate":11.533844310780859,"standard_error":0.020670325799392656},"Median":{"confidence_interval":{"confidence_level":0.95,"lower_bound":11.44907073381296,"upper_bound":11.490147334048947},"point_estimate":11.458187022201647,"standard_error":0.012625159868576092},"MedianAbsDev":{"confidence_interval":{"confidence_level":0.95,"lower_bound":0.02834816556132222,"upper_bound":0.3319999765176097},"point_estimate":0.11605543009792237,"standard_error":0.0746689792174689},"Slope":{"confidence_interval":{"confidence_level":0.95,"lower_bound":11.396947147042209,"upper_bound":11.485002769010771},"point_estimate":11.440346482400054,"standard_error":0.022453817739638397},"StdDev":{"confidence_interval":{"confidence_level":0.95,"lower_bound":0.18052093271558575,"upper_bound":0.23199214371188992},"point_estimate":0.2079134524224748,"standard_error":0.013131015295394103}}