{"Mean":{"confidence_interval":{"confidence_level":0.95,"lower_bound":11.076785056184976,"upper_bound":11.115671264564938},"point_estimate":11.096635835055954,"standard_error":0.00992890710005141},"Median":{"confidence_interval":{"confidence_level":0.95,"lower_bound":11.122296099668757,"upper_bound":11.129595546180482},"point_estimate":11.126215786829981,"standard_error":0.0022161211421440267},"MedianAbsDev":{"confidence_interval":{"confidence_level":0.95,"lower_bound":0.0176465459106834,"upper_bound":0.043151746394187195},"point_estimate":0.027077803665605638,"standard_error":0.006856710134640794},"Slope":{"confidence_interval":{"confidence_level":0.95,"lower_bound":11.045596009305614,"upper_bound":11.097986860801562},"point_estimate":11.07272441896392,"standard_error":0.01338502072213135},"StdDev":{"confidence_interval":{"confidence_level":0.95,"lower_bound":0.08123573201319031,"upper_bound":0.1152082489157055},"point_estimate":0.09993881205144249,"standard_error":0.008654090363938122}}