{"Mean":{"confidence_interval":{"confidence_level":0.95,"lower_bound":5.512040800853493,"upper_bound":5.544215486387739},"point_estimate":5.528318327321155,"standard_error":0.008190517965271168},"Median":{"confidence_interval":{"confidence_level":0.95,"lower_bound":5.546292062170819,"upper_bound":5.549578696807734},"point_estimate":5.548256017944698,"standard_error":0.0009153503513316226},"MedianAbsDev":{"confidence_interval":{"confidence_level":0.95,"lower_bound":0.009060770063548594,"upper_bound":0.024292896361295988},"point_estimate":0.016221227714868922,"standard_error":0.004443256977611597},"Slope":{"confidence_interval":{"confidence_level":0.95,"lower_bound":5.458186095295543,"upper_bound":5.516573988150004},"point_estimate":5.486497219061139,"standard_error":0.014912865584067174},"StdDev":{"confidence_interval":{"confidence_level":0.95,"lower_bound":0.06458346085615882,"upper_bound":0.09822472024694974},"point_estimate":0.08248519476541229,"standard_error":0.008567022211461973}}