{"Mean":{"confidence_interval":{"confidence_level":0.95,"lower_bound":11.348285477292002,"upper_bound":11.423480939241717},"point_estimate":11.385719417508191,"standard_error":0.019258360701388696},"Median":{"confidence_interval":{"confidence_level":0.95,"lower_bound":11.334077555012547,"upper_bound":11.451181199280557},"point_estimate":11.434967230724709,"standard_error":0.030710240928802746},"MedianAbsDev":{"confidence_interval":{"confidence_level":0.95,"lower_bound":0.10198747269948595,"upper_bound":0.23212988898136094},"point_estimate":0.18867444716485077,"standard_error":0.03312411026347111},"Slope":{"confidence_interval":{"confidence_level":0.95,"lower_bound":11.300904469356803,"upper_bound":11.396180300785598},"point_estimate":11.344684309556014,"standard_error":0.024303495988084466},"StdDev":{"confidence_interval":{"confidence_level":0.95,"lower_bound":0.153987381173658,"upper_bound":0.232728929951203},"point_estimate":0.19324639425678694,"standard_error":0.020229853216625956}}