{"Mean":{"confidence_interval":{"confidence_level":0.95,"lower_bound":5.423442391021895,"upper_bound":5.448766100343094},"point_estimate":5.4361191488779,"standard_error":0.006459088309563789},"Median":{"confidence_interval":{"confidence_level":0.95,"lower_bound":5.430210637656915,"upper_bound":5.433921393678766},"point_estimate":5.431791358911566,"standard_error":0.0008952254137957223},"MedianAbsDev":{"confidence_interval":{"confidence_level":0.95,"lower_bound":0.004723682589379017,"upper_bound":0.01570341251258143},"point_estimate":0.008395198245692856,"standard_error":0.002836656152666369},"Slope":{"confidence_interval":{"confidence_level":0.95,"lower_bound":5.3968562187191935,"upper_bound":5.432279806031732},"point_estimate":5.414881668323236,"standard_error":0.00905100611326605},"StdDev":{"confidence_interval":{"confidence_level":0.95,"lower_bound":0.050147591108470044,"upper_bound":0.07747171583804945},"point_estimate":0.06481580454686331,"standard_error":0.006936620163775405}}