{"Mean":{"confidence_interval":{"confidence_level":0.95,"lower_bound":10.607603234376942,"upper_bound":10.661578753384882},"point_estimate":10.633457934289531,"standard_error":0.013757397094696217},"Median":{"confidence_interval":{"confidence_level":0.95,"lower_bound":10.64185635204436,"upper_bound":10.64611505923476},"point_estimate":10.64376680802378,"standard_error":0.0009223663354753256},"MedianAbsDev":{"confidence_interval":{"confidence_level":0.95,"lower_bound":0.0068219111659225265,"upper_bound":0.01966448661889746},"point_estimate":0.012357579793703038,"standard_error":0.0037465484350654756},"Slope":{"confidence_interval":{"confidence_level":0.95,"lower_bound":10.554231594041207,"upper_bound":10.607847991374708},"point_estimate":10.581479593567352,"standard_error":0.013658017116533229},"StdDev":{"confidence_interval":{"confidence_level":0.95,"lower_bound":0.09260904370374096,"upper_bound":0.18298662910982055},"point_estimate":0.13835085278750575,"standard_error":0.023532300277147644}}