{"Mean":{"confidence_interval":{"confidence_level":0.95,"lower_bound":10.524050569006242,"upper_bound":10.538007972555718},"point_estimate":10.53063145672214,"standard_error":0.00357222884922537},"Median":{"confidence_interval":{"confidence_level":0.95,"lower_bound":10.517021582940348,"upper_bound":10.522841749539598},"point_estimate":10.520915494453407,"standard_error":0.001540834167729343},"MedianAbsDev":{"confidence_interval":{"confidence_level":0.95,"lower_bound":0.010324010185249437,"upper_bound":0.022128665597684446},"point_estimate":0.014656031622693225,"standard_error":0.002981259776781175},"Slope":{"confidence_interval":{"confidence_level":0.95,"lower_bound":10.51949805561491,"upper_bound":10.5315116131022},"point_estimate":10.525125736098213,"standard_error":0.0030732826560612558},"StdDev":{"confidence_interval":{"confidence_level":0.95,"lower_bound":0.02494824239811801,"upper_bound":0.04553133259762458},"point_estimate":0.03576872297544146,"standard_error":0.005283125304460066}}