{"Mean":{"confidence_interval":{"confidence_level":0.95,"lower_bound":5.571180132823242,"upper_bound":5.600046736314533},"point_estimate":5.585060176169337,"standard_error":0.00736917664215027},"Median":{"confidence_interval":{"confidence_level":0.95,"lower_bound":5.55065624410901,"upper_bound":5.561523162473824},"point_estimate":5.556964940987656,"standard_error":0.0030767611507262487},"MedianAbsDev":{"confidence_interval":{"confidence_level":0.95,"lower_bound":0.011227561099045784,"upper_bound":0.02415373494933503},"point_estimate":0.015861133037077615,"standard_error":0.00316083904783019},"Slope":{"confidence_interval":{"confidence_level":0.95,"lower_bound":5.545043613837126,"upper_bound":5.566096984511033},"point_estimate":5.555487500492744,"standard_error":0.005328230826736246},"StdDev":{"confidence_interval":{"confidence_level":0.95,"lower_bound":0.05784327244460325,"upper_bound":0.0881514336160052},"point_estimate":0.07409001451251628,"standard_error":0.007712308653296801}}