{"Mean":{"confidence_interval":{"confidence_level":0.95,"lower_bound":8.512124949061258,"upper_bound":8.534727890680003},"point_estimate":8.522966986975447,"standard_error":0.005759522476177372},"Median":{"confidence_interval":{"confidence_level":0.95,"lower_bound":8.501335731888627,"upper_bound":8.50863991609489},"point_estimate":8.50524554165052,"standard_error":0.0018011068393487728},"MedianAbsDev":{"confidence_interval":{"confidence_level":0.95,"lower_bound":0.006900308483700692,"upper_bound":0.01630990907363961},"point_estimate":0.011772897608925107,"standard_error":0.002333670169008773},"Slope":{"confidence_interval":{"confidence_level":0.95,"lower_bound":8.507099953736976,"upper_bound":8.544067052271712},"point_estimate":8.525250595578195,"standard_error":0.009417286748767385},"StdDev":{"confidence_interval":{"confidence_level":0.95,"lower_bound":0.04159433951650764,"upper_bound":0.07112619560408777},"point_estimate":0.057776773967374545,"standard_error":0.007521577458499469}}