{"Mean":{"confidence_interval":{"confidence_level":0.95,"lower_bound":5.02958825855545,"upper_bound":5.06684303993938},"point_estimate":5.047535402081862,"standard_error":0.00949644986717039},"Median":{"confidence_interval":{"confidence_level":0.95,"lower_bound":5.015262118251953,"upper_bound":5.055223328491563},"point_estimate":5.0245565759142785,"standard_error":0.011291629982946198},"MedianAbsDev":{"confidence_interval":{"confidence_level":0.95,"lower_bound":0.0474050816334027,"upper_bound":0.08384534786600932},"point_estimate":0.06530972753948529,"standard_error":0.009442226443018628},"Slope":{"confidence_interval":{"confidence_level":0.95,"lower_bound":5.016661457342373,"upper_bound":5.0482115948581985},"point_estimate":5.032218159863784,"standard_error":0.008027388669356287},"StdDev":{"confidence_interval":{"confidence_level":0.95,"lower_bound":0.07125882794820972,"upper_bound":0.12000021197167196},"point_estimate":0.09566835655550796,"standard_error":0.012645556127489419}}