{"Mean":{"confidence_interval":{"confidence_level":0.95,"lower_bound":12.48670628507008,"upper_bound":12.559806626586356},"point_estimate":12.521846503553988,"standard_error":0.01863180740240436},"Median":{"confidence_interval":{"confidence_level":0.95,"lower_bound":12.403817264946316,"upper_bound":12.618885261288208},"point_estimate":12.57340952977402,"standard_error":0.06722748338164902},"MedianAbsDev":{"confidence_interval":{"confidence_level":0.95,"lower_bound":0.051305262898547456,"upper_bound":0.28984881453497663},"point_estimate":0.20683956989891428,"standard_error":0.05578402869626158},"Slope":{"confidence_interval":{"confidence_level":0.95,"lower_bound":12.462254794023046,"upper_bound":12.576355382420868},"point_estimate":12.514370740667653,"standard_error":0.02917037984209007},"StdDev":{"confidence_interval":{"confidence_level":0.95,"lower_bound":0.14109939188377754,"upper_bound":0.24169640499781792},"point_estimate":0.1874179883651919,"standard_error":0.027340738260048455}}