{"Mean":{"confidence_interval":{"confidence_level":0.95,"lower_bound":12.548708019574056,"upper_bound":12.634400481392007},"point_estimate":12.591756116626712,"standard_error":0.02189314418914635},"Median":{"confidence_interval":{"confidence_level":0.95,"lower_bound":12.515959546640445,"upper_bound":12.737680349062313},"point_estimate":12.733936470824897,"standard_error":0.050721804424771186},"MedianAbsDev":{"confidence_interval":{"confidence_level":0.95,"lower_bound":0.02993434233767767,"upper_bound":0.32694055420977},"point_estimate":0.08643074559210043,"standard_error":0.07112953786414819},"Slope":{"confidence_interval":{"confidence_level":0.95,"lower_bound":12.391569022704608,"upper_bound":12.500292512738065},"point_estimate":12.443621692303369,"standard_error":0.027763026071534504},"StdDev":{"confidence_interval":{"confidence_level":0.95,"lower_bound":0.19052750446859457,"upper_bound":0.24812355390563204},"point_estimate":0.2203176591972017,"standard_error":0.014639783456111192}}