{"Mean":{"confidence_interval":{"confidence_level":0.95,"lower_bound":5.878333364675892,"upper_bound":5.917102675844602},"point_estimate":5.897177374440165,"standard_error":0.009897307888210036},"Median":{"confidence_interval":{"confidence_level":0.95,"lower_bound":5.845382289803046,"upper_bound":5.94373264095435},"point_estimate":5.887616749932842,"standard_error":0.028675808429255874},"MedianAbsDev":{"confidence_interval":{"confidence_level":0.95,"lower_bound":0.06584663169754468,"upper_bound":0.11953613494946055},"point_estimate":0.10951698337467534,"standard_error":0.013634680009625087},"Slope":{"confidence_interval":{"confidence_level":0.95,"lower_bound":5.835417047279167,"upper_bound":5.885837945712109},"point_estimate":5.860292471898374,"standard_error":0.012910452553655498},"StdDev":{"confidence_interval":{"confidence_level":0.95,"lower_bound":0.07762770978897343,"upper_bound":0.12547169190579988},"point_estimate":0.09944385519014333,"standard_error":0.012757452878440595}}