{"Mean":{"confidence_interval":{"confidence_level":0.95,"lower_bound":10.570897856697325,"upper_bound":10.63061419199134},"point_estimate":10.600485064851306,"standard_error":0.01525463345800943},"Median":{"confidence_interval":{"confidence_level":0.95,"lower_bound":10.62140255942814,"upper_bound":10.68203984396407},"point_estimate":10.679048167284844,"standard_error":0.017495386690825232},"MedianAbsDev":{"confidence_interval":{"confidence_level":0.95,"lower_bound":0.025177204987842847,"upper_bound":0.16406785935060275},"point_estimate":0.05500250042972199,"standard_error":0.03676121169624755},"Slope":{"confidence_interval":{"confidence_level":0.95,"lower_bound":10.497331901360175,"upper_bound":10.576215383155825},"point_estimate":10.53577040402443,"standard_error":0.020116617465004746},"StdDev":{"confidence_interval":{"confidence_level":0.95,"lower_bound":0.12602628717396658,"upper_bound":0.18037101829093902},"point_estimate":0.15307660688369193,"standard_error":0.014037058895055184}}