{"Mean":{"confidence_interval":{"confidence_level":0.95,"lower_bound":5.7543543644167015,"upper_bound":5.796025725864417},"point_estimate":5.774960918428726,"standard_error":0.010648668047570833},"Median":{"confidence_interval":{"confidence_level":0.95,"lower_bound":5.738057948568676,"upper_bound":5.778792876442172},"point_estimate":5.749101043609638,"standard_error":0.011718936448131103},"MedianAbsDev":{"confidence_interval":{"confidence_level":0.95,"lower_bound":0.06154939214796315,"upper_bound":0.14448238969832658},"point_estimate":0.10125834921604278,"standard_error":0.02253455479993356},"Slope":{"confidence_interval":{"confidence_level":0.95,"lower_bound":5.7591518986007495,"upper_bound":5.797739914935634},"point_estimate":5.778124256173558,"standard_error":0.00981983253357281},"StdDev":{"confidence_interval":{"confidence_level":0.95,"lower_bound":0.09417460421543429,"upper_bound":0.11903404735924225},"point_estimate":0.10745716667040559,"standard_error":0.006348536911618155}}