{"Mean":{"confidence_interval":{"confidence_level":0.95,"lower_bound":3.833018672681612,"upper_bound":3.863219049180489},"point_estimate":3.847998425474617,"standard_error":0.007690065438078134},"Median":{"confidence_interval":{"confidence_level":0.95,"lower_bound":3.8149110350280764,"upper_bound":3.8965218357664195},"point_estimate":3.841027760007183,"standard_error":0.022215569114795677},"MedianAbsDev":{"confidence_interval":{"confidence_level":0.95,"lower_bound":0.05315517503051421,"upper_bound":0.12178687132814352},"point_estimate":0.10079025252110484,"standard_error":0.018918881273050157},"Slope":{"confidence_interval":{"confidence_level":0.95,"lower_bound":3.797979516046101,"upper_bound":3.826926207517519},"point_estimate":3.8122235273618905,"standard_error":0.00738185742155372},"StdDev":{"confidence_interval":{"confidence_level":0.95,"lower_bound":0.0668125587835992,"upper_bound":0.08731443570956514},"point_estimate":0.07723363044881354,"standard_error":0.005264441154564732}}