{"Mean":{"confidence_interval":{"confidence_level":0.95,"lower_bound":8.846346422656834,"upper_bound":8.969115742014905},"point_estimate":8.892231693897726,"standard_error":0.034213877505677934},"Median":{"confidence_interval":{"confidence_level":0.95,"lower_bound":8.874715569062037,"upper_bound":8.880392801881161},"point_estimate":8.87727890218387,"standard_error":0.0014470655968391248},"MedianAbsDev":{"confidence_interval":{"confidence_level":0.95,"lower_bound":0.01164625631165272,"upper_bound":0.023446004371937244},"point_estimate":0.016118861829239696,"standard_error":0.003093832848598925},"Slope":{"confidence_interval":{"confidence_level":0.95,"lower_bound":8.81033924336538,"upper_bound":8.86581623272366},"point_estimate":8.83674252697927,"standard_error":0.014114844101499172},"StdDev":{"confidence_interval":{"confidence_level":0.95,"lower_bound":0.0687654834504964,"upper_bound":0.5809087239997435},"point_estimate":0.3442821893248216,"standard_error":0.17635552287714165}}