{"Mean":{"confidence_interval":{"confidence_level":0.95,"lower_bound":8.052793450754393,"upper_bound":8.080322323312737},"point_estimate":8.065817061630531,"standard_error":0.007029012096202754},"Median":{"confidence_interval":{"confidence_level":0.95,"lower_bound":8.034725730066533,"upper_bound":8.04099875327912},"point_estimate":8.037020109363045,"standard_error":0.0015969714696986454},"MedianAbsDev":{"confidence_interval":{"confidence_level":0.95,"lower_bound":0.01030273652000328,"upper_bound":0.020707407210468817},"point_estimate":0.015699413870384458,"standard_error":0.0027095754798445947},"Slope":{"confidence_interval":{"confidence_level":0.95,"lower_bound":8.048304182608602,"upper_bound":8.077315311963392},"point_estimate":8.061329120087205,"standard_error":0.00743892441768895},"StdDev":{"confidence_interval":{"confidence_level":0.95,"lower_bound":0.05218528350698915,"upper_bound":0.08508108193585485},"point_estimate":0.07068000876919822,"standard_error":0.008391738278297709}}