{"Mean":{"confidence_interval":{"confidence_level":0.95,"lower_bound":6.847738746484052,"upper_bound":6.889603569809894},"point_estimate":6.867686259235742,"standard_error":0.01066456946662635},"Median":{"confidence_interval":{"confidence_level":0.95,"lower_bound":6.873497377584031,"upper_bound":6.89262935698506},"point_estimate":6.890348415073204,"standard_error":0.004854582042933363},"MedianAbsDev":{"confidence_interval":{"confidence_level":0.95,"lower_bound":0.022328003564683025,"upper_bound":0.08959728216965401},"point_estimate":0.04265289019603075,"standard_error":0.016262129729592876},"Slope":{"confidence_interval":{"confidence_level":0.95,"lower_bound":6.82869268365968,"upper_bound":6.892141481058365},"point_estimate":6.858823762786122,"standard_error":0.016229777357030274},"StdDev":{"confidence_interval":{"confidence_level":0.95,"lower_bound":0.07678856894664532,"upper_bound":0.14047236901585164},"point_estimate":0.10747047324368335,"standard_error":0.01679867132296806}}