{"Mean":{"confidence_interval":{"confidence_level":0.95,"lower_bound":5.352254036844011,"upper_bound":5.397227946343916},"point_estimate":5.37482278267264,"standard_error":0.011458201039203163},"Median":{"confidence_interval":{"confidence_level":0.95,"lower_bound":5.357395532104864,"upper_bound":5.4016884670747585},"point_estimate":5.379977491289846,"standard_error":0.011091421452193176},"MedianAbsDev":{"confidence_interval":{"confidence_level":0.95,"lower_bound":0.07547172804510995,"upper_bound":0.13157131980101514},"point_estimate":0.10121230906641795,"standard_error":0.013862130727189038},"Slope":{"confidence_interval":{"confidence_level":0.95,"lower_bound":5.280341460688386,"upper_bound":5.3416337777656135},"point_estimate":5.309039340188286,"standard_error":0.01566986543233416},"StdDev":{"confidence_interval":{"confidence_level":0.95,"lower_bound":0.09953198371835378,"upper_bound":0.1281299398813611},"point_estimate":0.11495159946532321,"standard_error":0.007274121860965276}}