{"Mean":{"confidence_interval":{"confidence_level":0.95,"lower_bound":5.383211282140693,"upper_bound":5.417506872562735},"point_estimate":5.399968844032571,"standard_error":0.008715671744550336},"Median":{"confidence_interval":{"confidence_level":0.95,"lower_bound":5.354428299882006,"upper_bound":5.426361082844544},"point_estimate":5.387429029887867,"standard_error":0.01992736451215675},"MedianAbsDev":{"confidence_interval":{"confidence_level":0.95,"lower_bound":0.05939891696810969,"upper_bound":0.11265405166530232},"point_estimate":0.09261325672711676,"standard_error":0.014404223994321915},"Slope":{"confidence_interval":{"confidence_level":0.95,"lower_bound":5.350225194998049,"upper_bound":5.396192447938569},"point_estimate":5.372123457532221,"standard_error":0.011722997161950691},"StdDev":{"confidence_interval":{"confidence_level":0.95,"lower_bound":0.07217762254795115,"upper_bound":0.1050716361560422},"point_estimate":0.0876360567402597,"standard_error":0.00857845604298794}}