{"Mean":{"confidence_interval":{"confidence_level":0.95,"lower_bound":5.949723714595681,"upper_bound":5.986628564802054},"point_estimate":5.968820640296358,"standard_error":0.009432635780694247},"Median":{"confidence_interval":{"confidence_level":0.95,"lower_bound":6.018576432946245,"upper_bound":6.020764173290877},"point_estimate":6.019561158121285,"standard_error":0.0007660575040231968},"MedianAbsDev":{"confidence_interval":{"confidence_level":0.95,"lower_bound":0.004744373378407899,"upper_bound":0.024755416588860383},"point_estimate":0.010766255355725854,"standard_error":0.0048677044418564816},"Slope":{"confidence_interval":{"confidence_level":0.95,"lower_bound":5.901713486536725,"upper_bound":5.975337854710915},"point_estimate":5.938706587016988,"standard_error":0.018818726274066874},"StdDev":{"confidence_interval":{"confidence_level":0.95,"lower_bound":0.07571597700274701,"upper_bound":0.11049885602663458},"point_estimate":0.09461175268568414,"standard_error":0.008884449110749721}}