{"Mean":{"confidence_interval":{"confidence_level":0.95,"lower_bound":5.441654111268239,"upper_bound":5.472788683844291},"point_estimate":5.454822683581001,"standard_error":0.00806135275640963},"Median":{"confidence_interval":{"confidence_level":0.95,"lower_bound":5.434577248315633,"upper_bound":5.445790218258409},"point_estimate":5.441506037766002,"standard_error":0.0022920317451102282},"MedianAbsDev":{"confidence_interval":{"confidence_level":0.95,"lower_bound":0.01490514574165142,"upper_bound":0.029241924779904626},"point_estimate":0.022199016227440034,"standard_error":0.00408676952730887},"Slope":{"confidence_interval":{"confidence_level":0.95,"lower_bound":5.44036186183888,"upper_bound":5.472099326787727},"point_estimate":5.452977172980538,"standard_error":0.008340196102669352},"StdDev":{"confidence_interval":{"confidence_level":0.95,"lower_bound":0.02566548418841188,"upper_bound":0.1272783036284384},"point_estimate":0.08116970677560904,"standard_error":0.027854221666256625}}