{"Mean":{"confidence_interval":{"confidence_level":0.95,"lower_bound":4.32626640500894,"upper_bound":4.333609738987545},"point_estimate":4.329593021036234,"standard_error":0.0018748649630675768},"Median":{"confidence_interval":{"confidence_level":0.95,"lower_bound":4.325438118019335,"upper_bound":4.327541608551753},"point_estimate":4.32649098516214,"standard_error":0.0005335787069511381},"MedianAbsDev":{"confidence_interval":{"confidence_level":0.95,"lower_bound":0.0034826251264443732,"upper_bound":0.006422351084049237},"point_estimate":0.004849577641838259,"standard_error":0.0007452681265210805},"Slope":{"confidence_interval":{"confidence_level":0.95,"lower_bound":4.3260745174177675,"upper_bound":4.332499551894777},"point_estimate":4.32899648899173,"standard_error":0.001647674607751654},"StdDev":{"confidence_interval":{"confidence_level":0.95,"lower_bound":0.009253817060041216,"upper_bound":0.028073312555347216},"point_estimate":0.01880876641571949,"standard_error":0.005103650330562156}}