{"Mean":{"confidence_interval":{"confidence_level":0.95,"lower_bound":6.015797591357416,"upper_bound":6.07507211136249},"point_estimate":6.045478170096245,"standard_error":0.015150436003015992},"Median":{"confidence_interval":{"confidence_level":0.95,"lower_bound":6.01374503019679,"upper_bound":6.077539768941557},"point_estimate":6.047290243018317,"standard_error":0.014252244992193422},"MedianAbsDev":{"confidence_interval":{"confidence_level":0.95,"lower_bound":0.11295068040411857,"upper_bound":0.19038940809734675},"point_estimate":0.15177107422202454,"standard_error":0.019898788103263582},"Slope":{"confidence_interval":{"confidence_level":0.95,"lower_bound":5.924485743526576,"upper_bound":5.998697916288175},"point_estimate":5.9601796772851054,"standard_error":0.01892719268055639},"StdDev":{"confidence_interval":{"confidence_level":0.95,"lower_bound":0.1310330821735017,"upper_bound":0.17198857871224202},"point_estimate":0.15244271848220647,"standard_error":0.010466530130186169}}