{"Mean":{"confidence_interval":{"confidence_level":0.95,"lower_bound":5.570534320748769,"upper_bound":5.587769692341441},"point_estimate":5.57867113492323,"standard_error":0.004406922286365959},"Median":{"confidence_interval":{"confidence_level":0.95,"lower_bound":5.565392033207001,"upper_bound":5.567556037221267},"point_estimate":5.566692771926538,"standard_error":0.0005907754832995168},"MedianAbsDev":{"confidence_interval":{"confidence_level":0.95,"lower_bound":0.0037507991869532766,"upper_bound":0.013043037665043344},"point_estimate":0.006420548789529894,"standard_error":0.002483134633363287},"Slope":{"confidence_interval":{"confidence_level":0.95,"lower_bound":5.567316136974521,"upper_bound":5.582933179174446},"point_estimate":5.574165890752936,"standard_error":0.004013567367405719},"StdDev":{"confidence_interval":{"confidence_level":0.95,"lower_bound":0.03097711755243798,"upper_bound":0.05486486548641609},"point_estimate":0.044301944991983415,"standard_error":0.006115365710096258}}