{"Mean":{"confidence_interval":{"confidence_level":0.95,"lower_bound":3.6317172163566864,"upper_bound":3.6485491234477623},"point_estimate":3.6395523842349498,"standard_error":0.004290687626037056},"Median":{"confidence_interval":{"confidence_level":0.95,"lower_bound":3.6389412851002008,"upper_bound":3.6406508412765657},"point_estimate":3.6399712078506727,"standard_error":0.0004580202084793763},"MedianAbsDev":{"confidence_interval":{"confidence_level":0.95,"lower_bound":0.002311178970244092,"upper_bound":0.004687520424553725},"point_estimate":0.0031893129504946332,"standard_error":0.0005946849673361867},"Slope":{"confidence_interval":{"confidence_level":0.95,"lower_bound":3.6253431961140272,"upper_bound":3.640402152187261},"point_estimate":3.6332033230805783,"standard_error":0.003845887199534439},"StdDev":{"confidence_interval":{"confidence_level":0.95,"lower_bound":0.02531670658590107,"upper_bound":0.057958698969707435},"point_estimate":0.042966456401966745,"standard_error":0.008312723704921312}}