{"Mean":{"confidence_interval":{"confidence_level":0.95,"lower_bound":6.018288579829589,"upper_bound":6.047000994950419},"point_estimate":6.032657671712963,"standard_error":0.007327378518732556},"Median":{"confidence_interval":{"confidence_level":0.95,"lower_bound":6.026463427938196,"upper_bound":6.082217354160365},"point_estimate":6.067161498847788,"standard_error":0.013372492747120619},"MedianAbsDev":{"confidence_interval":{"confidence_level":0.95,"lower_bound":0.02378926329899771,"upper_bound":0.09767384358105842},"point_estimate":0.05266506203253625,"standard_error":0.018149772875478275},"Slope":{"confidence_interval":{"confidence_level":0.95,"lower_bound":5.976023687611177,"upper_bound":6.0124777243363985},"point_estimate":5.993503823765098,"standard_error":0.009313060170497987},"StdDev":{"confidence_interval":{"confidence_level":0.95,"lower_bound":0.06513517682487197,"upper_bound":0.08220818568133513},"point_estimate":0.07350532128934593,"standard_error":0.004369616117451832}}