{"Mean":{"confidence_interval":{"confidence_level":0.95,"lower_bound":17.18447471648181,"upper_bound":17.377254218573235},"point_estimate":17.269888453800483,"standard_error":0.04954344042492655},"Median":{"confidence_interval":{"confidence_level":0.95,"lower_bound":17.101281117809876,"upper_bound":17.196201231135127},"point_estimate":17.151084362801104,"standard_error":0.020827958496749944},"MedianAbsDev":{"confidence_interval":{"confidence_level":0.95,"lower_bound":0.16284785311561023,"upper_bound":0.3387412907521035},"point_estimate":0.24446917752116729,"standard_error":0.0455283499659496},"Slope":{"confidence_interval":{"confidence_level":0.95,"lower_bound":17.086262681967437,"upper_bound":17.518367010543486},"point_estimate":17.2719675982821,"standard_error":0.11245109797792131},"StdDev":{"confidence_interval":{"confidence_level":0.95,"lower_bound":0.2194117246946127,"upper_bound":0.7357721175900052},"point_estimate":0.5002714730254668,"standard_error":0.13775300628909828}}