{"Mean":{"confidence_interval":{"confidence_level":0.95,"lower_bound":6.652530038421643,"upper_bound":6.781464490493887},"point_estimate":6.708714326300431,"standard_error":0.03331040028862277},"Median":{"confidence_interval":{"confidence_level":0.95,"lower_bound":6.614149624519619,"upper_bound":6.621284734020463},"point_estimate":6.616468446164502,"standard_error":0.0018485612701513085},"MedianAbsDev":{"confidence_interval":{"confidence_level":0.95,"lower_bound":0.007725614500643243,"upper_bound":0.02766877753148601},"point_estimate":0.015979885074157842,"standard_error":0.005005138066083217},"Slope":{"confidence_interval":{"confidence_level":0.95,"lower_bound":6.674965953362714,"upper_bound":6.937389444213134},"point_estimate":6.794732800405879,"standard_error":0.06758046208903541},"StdDev":{"confidence_interval":{"confidence_level":0.95,"lower_bound":0.09435854680410843,"upper_bound":0.49096477257975535},"point_estimate":0.33403911073757525,"standard_error":0.09756619350178507}}