{"Mean":{"confidence_interval":{"confidence_level":0.95,"lower_bound":11.40826301649216,"upper_bound":11.450792016252484},"point_estimate":11.429064388793101,"standard_error":0.010786888278101165},"Median":{"confidence_interval":{"confidence_level":0.95,"lower_bound":11.418771527217846,"upper_bound":11.421957843812534},"point_estimate":11.420689863279716,"standard_error":0.0008378232057870222},"MedianAbsDev":{"confidence_interval":{"confidence_level":0.95,"lower_bound":0.0036379236882311487,"upper_bound":0.009700585374403185},"point_estimate":0.005762462714789269,"standard_error":0.0015360263153060064},"Slope":{"confidence_interval":{"confidence_level":0.95,"lower_bound":11.377425843070503,"upper_bound":11.446689123212035},"point_estimate":11.411319754655775,"standard_error":0.017635442410849387},"StdDev":{"confidence_interval":{"confidence_level":0.95,"lower_bound":0.0750588204666104,"upper_bound":0.13662663930664098},"point_estimate":0.10798040907577083,"standard_error":0.015757962626937575}}