{"Mean":{"confidence_interval":{"confidence_level":0.95,"lower_bound":5.972254941412848,"upper_bound":6.006846787361163},"point_estimate":5.988924558654295,"standard_error":0.008768235282711624},"Median":{"confidence_interval":{"confidence_level":0.95,"lower_bound":6.017999529855387,"upper_bound":6.019484168649108},"point_estimate":6.018797251443207,"standard_error":0.00040478763051355173},"MedianAbsDev":{"confidence_interval":{"confidence_level":0.95,"lower_bound":0.003366244337399261,"upper_bound":0.015108362453160213},"point_estimate":0.006576618243773726,"standard_error":0.003944595619926015},"Slope":{"confidence_interval":{"confidence_level":0.95,"lower_bound":5.9440387281071905,"upper_bound":5.983165604839631},"point_estimate":5.963709116977534,"standard_error":0.010009148152503165},"StdDev":{"confidence_interval":{"confidence_level":0.95,"lower_bound":0.06534428386891614,"upper_bound":0.11455805344873053},"point_estimate":0.08825628698776954,"standard_error":0.013165527588644782}}