{"Mean":{"confidence_interval":{"confidence_level":0.95,"lower_bound":6.018211294611786,"upper_bound":6.078966509608965},"point_estimate":6.048032241542697,"standard_error":0.015495519899714363},"Median":{"confidence_interval":{"confidence_level":0.95,"lower_bound":6.014970163084036,"upper_bound":6.063339520876417},"point_estimate":6.039004787442336,"standard_error":0.010161652074000929},"MedianAbsDev":{"confidence_interval":{"confidence_level":0.95,"lower_bound":0.0707795052431801,"upper_bound":0.15861714801419582},"point_estimate":0.10256977461010068,"standard_error":0.022186833826584585},"Slope":{"confidence_interval":{"confidence_level":0.95,"lower_bound":5.929701417885293,"upper_bound":6.008529783731645},"point_estimate":5.966757026764702,"standard_error":0.02006660120920222},"StdDev":{"confidence_interval":{"confidence_level":0.95,"lower_bound":0.12338914083416186,"upper_bound":0.18565791157388917},"point_estimate":0.15520612172146453,"standard_error":0.01594774572765341}}