{"Mean":{"confidence_interval":{"confidence_level":0.95,"lower_bound":5.73935605295201,"upper_bound":5.811643682912039},"point_estimate":5.772368201663279,"standard_error":0.018506985677820918},"Median":{"confidence_interval":{"confidence_level":0.95,"lower_bound":5.713380017474097,"upper_bound":5.814035251010651},"point_estimate":5.779917413113459,"standard_error":0.027419119482635985},"MedianAbsDev":{"confidence_interval":{"confidence_level":0.95,"lower_bound":0.11439939039919933,"upper_bound":0.1829569879380708},"point_estimate":0.1478076298340412,"standard_error":0.017978355384716375},"Slope":{"confidence_interval":{"confidence_level":0.95,"lower_bound":5.658271869925834,"upper_bound":5.717305427326135},"point_estimate":5.685332415064679,"standard_error":0.0150405317279243},"StdDev":{"confidence_interval":{"confidence_level":0.95,"lower_bound":0.11837173899032867,"upper_bound":0.2677684226223473},"point_estimate":0.18630470290759168,"standard_error":0.0461681602401337}}