{"Mean":{"confidence_interval":{"confidence_level":0.95,"lower_bound":5.457937350841587,"upper_bound":5.473999994668832},"point_estimate":5.465008907411207,"standard_error":0.004123056936710787},"Median":{"confidence_interval":{"confidence_level":0.95,"lower_bound":5.457034810932469,"upper_bound":5.4615671470778455},"point_estimate":5.4593111822641465,"standard_error":0.0011107429365338126},"MedianAbsDev":{"confidence_interval":{"confidence_level":0.95,"lower_bound":0.010548311152228925,"upper_bound":0.021454409352547308},"point_estimate":0.016110631092192552,"standard_error":0.002853090695215439},"Slope":{"confidence_interval":{"confidence_level":0.95,"lower_bound":5.451146419712611,"upper_bound":5.461100385875999},"point_estimate":5.455969932823148,"standard_error":0.002531735606024005},"StdDev":{"confidence_interval":{"confidence_level":0.95,"lower_bound":0.02115719897966524,"upper_bound":0.06165462337074027},"point_estimate":0.04132649749030684,"standard_error":0.011583013039845474}}