{"Mean":{"confidence_interval":{"confidence_level":0.95,"lower_bound":5.5148495213801345,"upper_bound":5.543747008100268},"point_estimate":5.528546652861802,"standard_error":0.007387619520134134},"Median":{"confidence_interval":{"confidence_level":0.95,"lower_bound":5.530005294542059,"upper_bound":5.53246423417852},"point_estimate":5.531423517404006,"standard_error":0.0005638062851273319},"MedianAbsDev":{"confidence_interval":{"confidence_level":0.95,"lower_bound":0.007685923362692341,"upper_bound":0.021798478274175442},"point_estimate":0.01091246964877976,"standard_error":0.003981086040083385},"Slope":{"confidence_interval":{"confidence_level":0.95,"lower_bound":5.501370887424855,"upper_bound":5.533538335103371},"point_estimate":5.517266683870946,"standard_error":0.008215126730588664},"StdDev":{"confidence_interval":{"confidence_level":0.95,"lower_bound":0.04883058720091362,"upper_bound":0.10170014004530921},"point_estimate":0.07437856155246228,"standard_error":0.01427525333397434}}