{"Mean":{"confidence_interval":{"confidence_level":0.95,"lower_bound":3.869787258969138,"upper_bound":3.8941467564773182},"point_estimate":3.8814217859973694,"standard_error":0.006229099872000208},"Median":{"confidence_interval":{"confidence_level":0.95,"lower_bound":3.8778624265133406,"upper_bound":3.904845224268445},"point_estimate":3.9028319371144686,"standard_error":0.008016969260430494},"MedianAbsDev":{"confidence_interval":{"confidence_level":0.95,"lower_bound":0.022674031663458407,"upper_bound":0.06972987720185327},"point_estimate":0.038809318468698846,"standard_error":0.011768377107307137},"Slope":{"confidence_interval":{"confidence_level":0.95,"lower_bound":3.8551070747167406,"upper_bound":3.8812706634017133},"point_estimate":3.867840615798102,"standard_error":0.006669984444441955},"StdDev":{"confidence_interval":{"confidence_level":0.95,"lower_bound":0.04561605448159217,"upper_bound":0.08309559991351391},"point_estimate":0.0625248609151371,"standard_error":0.010497828409620371}}