{"Mean":{"confidence_interval":{"confidence_level":0.95,"lower_bound":12.953212037913461,"upper_bound":13.026557052827384},"point_estimate":12.989754295914453,"standard_error":0.018746146443407496},"Median":{"confidence_interval":{"confidence_level":0.95,"lower_bound":12.821221810883745,"upper_bound":13.11516816945807},"point_estimate":12.941998871097226,"standard_error":0.08640219042156405},"MedianAbsDev":{"confidence_interval":{"confidence_level":0.95,"lower_bound":0.04167560908716612,"upper_bound":0.28396959771712266},"point_estimate":0.2168241075805861,"standard_error":0.07485999665748817},"Slope":{"confidence_interval":{"confidence_level":0.95,"lower_bound":12.909280533962722,"upper_bound":12.990289768309209},"point_estimate":12.949552779186323,"standard_error":0.02070818993206865},"StdDev":{"confidence_interval":{"confidence_level":0.95,"lower_bound":0.17237862889534628,"upper_bound":0.20404177754620348},"point_estimate":0.18827173378419407,"standard_error":0.008113096132134666}}