{"Mean":{"confidence_interval":{"confidence_level":0.95,"lower_bound":5.985517352538581,"upper_bound":6.02039128850995},"point_estimate":6.0024766628664885,"standard_error":0.00890028066607356},"Median":{"confidence_interval":{"confidence_level":0.95,"lower_bound":5.952259239563946,"upper_bound":6.049796776677303},"point_estimate":5.96435308018549,"standard_error":0.026788710762775468},"MedianAbsDev":{"confidence_interval":{"confidence_level":0.95,"lower_bound":0.053730958272554315,"upper_bound":0.11737112365339734},"point_estimate":0.08373269204705436,"standard_error":0.016989029388003996},"Slope":{"confidence_interval":{"confidence_level":0.95,"lower_bound":5.970422488233811,"upper_bound":6.002299997104883},"point_estimate":5.9860044274836275,"standard_error":0.008131191259102577},"StdDev":{"confidence_interval":{"confidence_level":0.95,"lower_bound":0.07135467345593148,"upper_bound":0.10963014782425455},"point_estimate":0.08930686017974265,"standard_error":0.010100786316329236}}