{"Mean":{"confidence_interval":{"confidence_level":0.95,"lower_bound":5.380495760446597,"upper_bound":5.4096534919452175},"point_estimate":5.393798432841329,"standard_error":0.007454481483027263},"Median":{"confidence_interval":{"confidence_level":0.95,"lower_bound":5.360243122499117,"upper_bound":5.369383105602439},"point_estimate":5.36361657967127,"standard_error":0.0025810791253550692},"MedianAbsDev":{"confidence_interval":{"confidence_level":0.95,"lower_bound":0.012456569223217246,"upper_bound":0.03548687149305643},"point_estimate":0.0221221127992997,"standard_error":0.005834299026968962},"Slope":{"confidence_interval":{"confidence_level":0.95,"lower_bound":5.365655127674494,"upper_bound":5.38563253325015},"point_estimate":5.374844739938205,"standard_error":0.0051213208274745944},"StdDev":{"confidence_interval":{"confidence_level":0.95,"lower_bound":0.046279402284986296,"upper_bound":0.10488496948098242},"point_estimate":0.07490814340882176,"standard_error":0.015833463384543816}}