{"Mean":{"confidence_interval":{"confidence_level":0.95,"lower_bound":5.563014199512666,"upper_bound":5.575004429530446},"point_estimate":5.569146801258584,"standard_error":0.0030597323658156355},"Median":{"confidence_interval":{"confidence_level":0.95,"lower_bound":5.569436124323573,"upper_bound":5.571041071480857},"point_estimate":5.570291501560558,"standard_error":0.0004309202839382791},"MedianAbsDev":{"confidence_interval":{"confidence_level":0.95,"lower_bound":0.003507145368959718,"upper_bound":0.010594680522479452},"point_estimate":0.006202135618604174,"standard_error":0.0018182982088383113},"Slope":{"confidence_interval":{"confidence_level":0.95,"lower_bound":5.561502362146329,"upper_bound":5.572258965310969},"point_estimate":5.567273121490936,"standard_error":0.0027271819484769974},"StdDev":{"confidence_interval":{"confidence_level":0.95,"lower_bound":0.019734833273651532,"upper_bound":0.03982913242766285},"point_estimate":0.03075880684787884,"standard_error":0.005129667046550677}}