{"Mean":{"confidence_interval":{"confidence_level":0.95,"lower_bound":3.552398320164224,"upper_bound":3.565004871971576},"point_estimate":3.5580451625785723,"standard_error":0.0032447989167574687},"Median":{"confidence_interval":{"confidence_level":0.95,"lower_bound":3.550771700311598,"upper_bound":3.5560218249005593},"point_estimate":3.554140278953004,"standard_error":0.0015709947448002946},"MedianAbsDev":{"confidence_interval":{"confidence_level":0.95,"lower_bound":0.009688203607241947,"upper_bound":0.020866798353478055},"point_estimate":0.015309629273368852,"standard_error":0.002999557061977175},"Slope":{"confidence_interval":{"confidence_level":0.95,"lower_bound":3.550940102305028,"upper_bound":3.557255117710475},"point_estimate":3.553998551651065,"standard_error":0.0016103574238118142},"StdDev":{"confidence_interval":{"confidence_level":0.95,"lower_bound":0.015609261418674915,"upper_bound":0.04697343759373582},"point_estimate":0.032616641352701654,"standard_error":0.008143449909522498}}