{"Mean":{"confidence_interval":{"confidence_level":0.95,"lower_bound":4.454603163314547,"upper_bound":4.494897776431605},"point_estimate":4.474680613806944,"standard_error":0.010262297509510666},"Median":{"confidence_interval":{"confidence_level":0.95,"lower_bound":4.450440004479367,"upper_bound":4.4938087643337905},"point_estimate":4.4674113476929245,"standard_error":0.011075047835045005},"MedianAbsDev":{"confidence_interval":{"confidence_level":0.95,"lower_bound":0.07948449901127447,"upper_bound":0.1375040462562608},"point_estimate":0.10863616849361951,"standard_error":0.014732995866938284},"Slope":{"confidence_interval":{"confidence_level":0.95,"lower_bound":4.3941634730678185,"upper_bound":4.439161189388688},"point_estimate":4.4151626282580025,"standard_error":0.011497616545739938},"StdDev":{"confidence_interval":{"confidence_level":0.95,"lower_bound":0.0893333222133604,"upper_bound":0.1156936175275717},"point_estimate":0.10326156700875642,"standard_error":0.0066971449838862}}