{"Mean":{"confidence_interval":{"confidence_level":0.95,"lower_bound":5.464720282522923,"upper_bound":5.482657208895449},"point_estimate":5.47316661499273,"standard_error":0.00458262370665657},"Median":{"confidence_interval":{"confidence_level":0.95,"lower_bound":5.4635285836907785,"upper_bound":5.4708356303780254},"point_estimate":5.4679617891568615,"standard_error":0.0018464344479828588},"MedianAbsDev":{"confidence_interval":{"confidence_level":0.95,"lower_bound":0.012222144191633484,"upper_bound":0.027748102943101902},"point_estimate":0.018868184031872275,"standard_error":0.004174884133861031},"Slope":{"confidence_interval":{"confidence_level":0.95,"lower_bound":5.455607970895076,"upper_bound":5.4723713662322275},"point_estimate":5.4638706982132925,"standard_error":0.004271664124830903},"StdDev":{"confidence_interval":{"confidence_level":0.95,"lower_bound":0.030279109994397854,"upper_bound":0.05939494696384761},"point_estimate":0.04613107914221932,"standard_error":0.007454566117531055}}