{"Mean":{"confidence_interval":{"confidence_level":0.95,"lower_bound":10.896170461677704,"upper_bound":10.980834627614758},"point_estimate":10.938997599301203,"standard_error":0.021462556739815578},"Median":{"confidence_interval":{"confidence_level":0.95,"lower_bound":10.95375305223895,"upper_bound":10.964659381494474},"point_estimate":10.959404826161249,"standard_error":0.0030564924810486775},"MedianAbsDev":{"confidence_interval":{"confidence_level":0.95,"lower_bound":0.01793629088051411,"upper_bound":0.13719368736867124},"point_estimate":0.034358503168061424,"standard_error":0.033843036244634805},"Slope":{"confidence_interval":{"confidence_level":0.95,"lower_bound":10.748456331367658,"upper_bound":10.873879497444356},"point_estimate":10.806815371895745,"standard_error":0.03198461787105231},"StdDev":{"confidence_interval":{"confidence_level":0.95,"lower_bound":0.1833329927113362,"upper_bound":0.2445416500259027},"point_estimate":0.21649213829138106,"standard_error":0.015592253828195757}}