{"Mean":{"confidence_interval":{"confidence_level":0.95,"lower_bound":11.430782410210108,"upper_bound":11.504820568885908},"point_estimate":11.46770781917075,"standard_error":0.018971114390333946},"Median":{"confidence_interval":{"confidence_level":0.95,"lower_bound":11.449620319815812,"upper_bound":11.49740427120849},"point_estimate":11.485789415652945,"standard_error":0.012647688560042263},"MedianAbsDev":{"confidence_interval":{"confidence_level":0.95,"lower_bound":0.074269869876332,"upper_bound":0.15356248212932563},"point_estimate":0.10028346625671283,"standard_error":0.02014391631612004},"Slope":{"confidence_interval":{"confidence_level":0.95,"lower_bound":11.405680003551659,"upper_bound":11.51071716238449},"point_estimate":11.457021117186525,"standard_error":0.02676861390119881},"StdDev":{"confidence_interval":{"confidence_level":0.95,"lower_bound":0.15745053483148475,"upper_bound":0.22065910070330583},"point_estimate":0.1907277158919794,"standard_error":0.01611852950622515}}