{"Mean":{"confidence_interval":{"confidence_level":0.95,"lower_bound":7.9749055962985915,"upper_bound":8.101224610985861},"point_estimate":8.030399809717085,"standard_error":0.032266276651149214},"Median":{"confidence_interval":{"confidence_level":0.95,"lower_bound":7.979164611652497,"upper_bound":7.985894837288891},"point_estimate":7.982953225875144,"standard_error":0.0016959289371038947},"MedianAbsDev":{"confidence_interval":{"confidence_level":0.95,"lower_bound":0.012035259709327227,"upper_bound":0.025260958737103},"point_estimate":0.015062214123439385,"standard_error":0.0035457986264469015},"Slope":{"confidence_interval":{"confidence_level":0.95,"lower_bound":7.956687391694199,"upper_bound":8.271521910360516},"point_estimate":8.099245760886154,"standard_error":0.08034399298052074},"StdDev":{"confidence_interval":{"confidence_level":0.95,"lower_bound":0.05904159645117199,"upper_bound":0.4769561004767359},"point_estimate":0.3253979077129653,"standard_error":0.0971506843491248}}