{"Mean":{"confidence_interval":{"confidence_level":0.95,"lower_bound":2.752703500089316,"upper_bound":2.76733924964224},"point_estimate":2.7598990981432,"standard_error":0.003730466084021601},"Median":{"confidence_interval":{"confidence_level":0.95,"lower_bound":2.732976604830504,"upper_bound":2.788412455300713},"point_estimate":2.774334740251164,"standard_error":0.01803512344141452},"MedianAbsDev":{"confidence_interval":{"confidence_level":0.95,"lower_bound":0.009362383325660638,"upper_bound":0.05370843135136603},"point_estimate":0.037477800396546954,"standard_error":0.013179185992649674},"Slope":{"confidence_interval":{"confidence_level":0.95,"lower_bound":2.7401179229842665,"upper_bound":2.757518427734983},"point_estimate":2.7485728119247312,"standard_error":0.004454295631261214},"StdDev":{"confidence_interval":{"confidence_level":0.95,"lower_bound":0.03286839522526237,"upper_bound":0.043120765046982805},"point_estimate":0.03743719889131678,"standard_error":0.0027256092469551112}}