{"Mean":{"confidence_interval":{"confidence_level":0.95,"lower_bound":5.513075902195239,"upper_bound":5.532279869662349},"point_estimate":5.522986456990277,"standard_error":0.004894930834372319},"Median":{"confidence_interval":{"confidence_level":0.95,"lower_bound":5.543972875388464,"upper_bound":5.5473034422306},"point_estimate":5.546465437454673,"standard_error":0.0009097119726298384},"MedianAbsDev":{"confidence_interval":{"confidence_level":0.95,"lower_bound":0.006724073024720838,"upper_bound":0.022642432299888774},"point_estimate":0.008990263167288551,"standard_error":0.00460393068605221},"Slope":{"confidence_interval":{"confidence_level":0.95,"lower_bound":5.500559199843646,"upper_bound":5.527064388194338},"point_estimate":5.5141624312074144,"standard_error":0.0067728291871784856},"StdDev":{"confidence_interval":{"confidence_level":0.95,"lower_bound":0.04067923787646095,"upper_bound":0.055717169497568615},"point_estimate":0.049176006069132784,"standard_error":0.003836720907394602}}