{"Mean":{"confidence_interval":{"confidence_level":0.95,"lower_bound":11.19219833960401,"upper_bound":11.238388181229459},"point_estimate":11.215583854231367,"standard_error":0.011758178200708723},"Median":{"confidence_interval":{"confidence_level":0.95,"lower_bound":11.190804659666941,"upper_bound":11.300515692864424},"point_estimate":11.294852530295518,"standard_error":0.034898777431133524},"MedianAbsDev":{"confidence_interval":{"confidence_level":0.95,"lower_bound":0.038873107922380995,"upper_bound":0.1744215693702626},"point_estimate":0.07739610911355183,"standard_error":0.041242218039427354},"Slope":{"confidence_interval":{"confidence_level":0.95,"lower_bound":11.18202825490827,"upper_bound":11.239779545397967},"point_estimate":11.210915142462312,"standard_error":0.014671909462981097},"StdDev":{"confidence_interval":{"confidence_level":0.95,"lower_bound":0.10795318431157819,"upper_bound":0.1270005226101928},"point_estimate":0.11858938073108033,"standard_error":0.004839388259293198}}