{"Mean":{"confidence_interval":{"confidence_level":0.95,"lower_bound":5.468209657509372,"upper_bound":5.554996616677479},"point_estimate":5.500870977657992,"standard_error":0.023533313524511816},"Median":{"confidence_interval":{"confidence_level":0.95,"lower_bound":5.460551821339845,"upper_bound":5.466023001851045},"point_estimate":5.463331460258092,"standard_error":0.0014139080666961514},"MedianAbsDev":{"confidence_interval":{"confidence_level":0.95,"lower_bound":0.010354455218335137,"upper_bound":0.03230890515180602},"point_estimate":0.016408060217871574,"standard_error":0.005513221267900896},"Slope":{"confidence_interval":{"confidence_level":0.95,"lower_bound":5.465056337838004,"upper_bound":5.499908574337815},"point_estimate":5.478494650090938,"standard_error":0.009169951142648847},"StdDev":{"confidence_interval":{"confidence_level":0.95,"lower_bound":0.031856424995818845,"upper_bound":0.3958248864656322},"point_estimate":0.23663198326688512,"standard_error":0.11440665408545603}}