{"Mean":{"confidence_interval":{"confidence_level":0.95,"lower_bound":5.358790890659535,"upper_bound":5.374794425866864},"point_estimate":5.36687037264217,"standard_error":0.004088379920008088},"Median":{"confidence_interval":{"confidence_level":0.95,"lower_bound":5.3575209477799035,"upper_bound":5.378404354014082},"point_estimate":5.37378917688335,"standard_error":0.006203817749281911},"MedianAbsDev":{"confidence_interval":{"confidence_level":0.95,"lower_bound":0.02137447686393566,"upper_bound":0.03505234009927972},"point_estimate":0.0293324690877782,"standard_error":0.003532709767371645},"Slope":{"confidence_interval":{"confidence_level":0.95,"lower_bound":5.343050158637897,"upper_bound":5.36616746915674},"point_estimate":5.3549518056489065,"standard_error":0.00590963156357664},"StdDev":{"confidence_interval":{"confidence_level":0.95,"lower_bound":0.03213305567307823,"upper_bound":0.04886636303078607},"point_estimate":0.0409570508423896,"standard_error":0.0042717285460060084}}