{"Mean":{"confidence_interval":{"confidence_level":0.95,"lower_bound":5.462413102647849,"upper_bound":5.516624126985965},"point_estimate":5.488226041737837,"standard_error":0.013832368240688005},"Median":{"confidence_interval":{"confidence_level":0.95,"lower_bound":5.431552907923521,"upper_bound":5.487507141128847},"point_estimate":5.437009803700375,"standard_error":0.014301634613241469},"MedianAbsDev":{"confidence_interval":{"confidence_level":0.95,"lower_bound":0.030795855044021426,"upper_bound":0.19392062030496876},"point_estimate":0.1269908647741403,"standard_error":0.05024707245797195},"Slope":{"confidence_interval":{"confidence_level":0.95,"lower_bound":5.429713247397988,"upper_bound":5.477597330234484},"point_estimate":5.4529825352153924,"standard_error":0.012210416751203677},"StdDev":{"confidence_interval":{"confidence_level":0.95,"lower_bound":0.10040972041435796,"upper_bound":0.1852967406391963},"point_estimate":0.13945346082656304,"standard_error":0.023613841308350904}}