{"Mean":{"confidence_interval":{"confidence_level":0.95,"lower_bound":6.798319260254023,"upper_bound":6.82404149530455},"point_estimate":6.811457090287895,"standard_error":0.006575478575810393},"Median":{"confidence_interval":{"confidence_level":0.95,"lower_bound":6.8407244988903635,"upper_bound":6.843511754013539},"point_estimate":6.841453788179294,"standard_error":0.0006109089466796267},"MedianAbsDev":{"confidence_interval":{"confidence_level":0.95,"lower_bound":0.007510457261698196,"upper_bound":0.021661429597885085},"point_estimate":0.013633202016136315,"standard_error":0.0039055653973713235},"Slope":{"confidence_interval":{"confidence_level":0.95,"lower_bound":6.784458964943213,"upper_bound":6.82077089069536},"point_estimate":6.803238257125652,"standard_error":0.009264548201986429},"StdDev":{"confidence_interval":{"confidence_level":0.95,"lower_bound":0.05598786735566429,"upper_bound":0.07348766007037479},"point_estimate":0.06606135234128796,"standard_error":0.004476732672064798}}