{"Mean":{"confidence_interval":{"confidence_level":0.95,"lower_bound":7.6756411497539005,"upper_bound":7.723850527881096},"point_estimate":7.699766928993726,"standard_error":0.012282414516190799},"Median":{"confidence_interval":{"confidence_level":0.95,"lower_bound":7.616009549778372,"upper_bound":7.806666747981835},"point_estimate":7.6431585047444015,"standard_error":0.05098227772619706},"MedianAbsDev":{"confidence_interval":{"confidence_level":0.95,"lower_bound":0.03352670029570108,"upper_bound":0.24406094470787262},"point_estimate":0.10124420447106398,"standard_error":0.0548585801905815},"Slope":{"confidence_interval":{"confidence_level":0.95,"lower_bound":7.608650379382189,"upper_bound":7.674496738039541},"point_estimate":7.640335756832148,"standard_error":0.016812614949387832},"StdDev":{"confidence_interval":{"confidence_level":0.95,"lower_bound":0.10955396321360855,"upper_bound":0.13663984944868585},"point_estimate":0.12341788599655931,"standard_error":0.006927783199786586}}