{"Mean":{"confidence_interval":{"confidence_level":0.95,"lower_bound":5.515650173310594,"upper_bound":5.542839782958493},"point_estimate":5.528732451429619,"standard_error":0.006946691505634655},"Median":{"confidence_interval":{"confidence_level":0.95,"lower_bound":5.544613322033882,"upper_bound":5.547272512718745},"point_estimate":5.546374825715645,"standard_error":0.0007439773362035328},"MedianAbsDev":{"confidence_interval":{"confidence_level":0.95,"lower_bound":0.005684349637283938,"upper_bound":0.018515336169311523},"point_estimate":0.008904949009364505,"standard_error":0.0040560846007093275},"Slope":{"confidence_interval":{"confidence_level":0.95,"lower_bound":5.499474494032613,"upper_bound":5.5292635171047015},"point_estimate":5.5149857896828705,"standard_error":0.0076158411329448955},"StdDev":{"confidence_interval":{"confidence_level":0.95,"lower_bound":0.047425852210756174,"upper_bound":0.09406078463128652},"point_estimate":0.06952879562718835,"standard_error":0.012534170079012436}}