{"Mean":{"confidence_interval":{"confidence_level":0.95,"lower_bound":5.405745511038296,"upper_bound":5.432340742627466},"point_estimate":5.418740624409633,"standard_error":0.006783450360403147},"Median":{"confidence_interval":{"confidence_level":0.95,"lower_bound":5.37610455674646,"upper_bound":5.3934243960920405},"point_estimate":5.380752780850136,"standard_error":0.0047763141256055965},"MedianAbsDev":{"confidence_interval":{"confidence_level":0.95,"lower_bound":0.018883495585098154,"upper_bound":0.05894277351653122},"point_estimate":0.03532312713613235,"standard_error":0.01118883575107708},"Slope":{"confidence_interval":{"confidence_level":0.95,"lower_bound":5.418118251472769,"upper_bound":5.456338244580181},"point_estimate":5.4374862015809615,"standard_error":0.009740973637884393},"StdDev":{"confidence_interval":{"confidence_level":0.95,"lower_bound":0.058775879162949234,"upper_bound":0.07677892142497111},"point_estimate":0.06811825967699278,"standard_error":0.004612983069189649}}