{"Mean":{"confidence_interval":{"confidence_level":0.95,"lower_bound":5.538454857121808,"upper_bound":5.555950241651567},"point_estimate":5.547164584682933,"standard_error":0.004428832628823457},"Median":{"confidence_interval":{"confidence_level":0.95,"lower_bound":5.549227511439733,"upper_bound":5.55244134543458},"point_estimate":5.550877012020124,"standard_error":0.0008172772894368598},"MedianAbsDev":{"confidence_interval":{"confidence_level":0.95,"lower_bound":0.0061120930448602985,"upper_bound":0.01826345644793033},"point_estimate":0.009940782316065188,"standard_error":0.0032443855894682605},"Slope":{"confidence_interval":{"confidence_level":0.95,"lower_bound":5.513381500237752,"upper_bound":5.543153806848846},"point_estimate":5.5287990969059955,"standard_error":0.007613241467556417},"StdDev":{"confidence_interval":{"confidence_level":0.95,"lower_bound":0.02868896204374277,"upper_bound":0.05886959466989807},"point_estimate":0.044529956597587496,"standard_error":0.007718680755203374}}