{"Mean":{"confidence_interval":{"confidence_level":0.95,"lower_bound":6.037056881375297,"upper_bound":6.06431067488505},"point_estimate":6.050294104305326,"standard_error":0.006954973837465273},"Median":{"confidence_interval":{"confidence_level":0.95,"lower_bound":6.035531542449337,"upper_bound":6.039473179754183},"point_estimate":6.037324315710951,"standard_error":0.0009587353740284412},"MedianAbsDev":{"confidence_interval":{"confidence_level":0.95,"lower_bound":0.0058257589952211844,"upper_bound":0.018721543507043047},"point_estimate":0.009482256332282052,"standard_error":0.002985178212226934},"Slope":{"confidence_interval":{"confidence_level":0.95,"lower_bound":6.001549578260027,"upper_bound":6.03980621173419},"point_estimate":6.0209214364985515,"standard_error":0.009821989877316974},"StdDev":{"confidence_interval":{"confidence_level":0.95,"lower_bound":0.05228761001763972,"upper_bound":0.0853367474217718},"point_estimate":0.06999959036881226,"standard_error":0.00844959217304517}}