{"Mean":{"confidence_interval":{"confidence_level":0.95,"lower_bound":5.13932644048116,"upper_bound":5.165510561605002},"point_estimate":5.152610820424393,"standard_error":0.006699914112552728},"Median":{"confidence_interval":{"confidence_level":0.95,"lower_bound":5.147406417377618,"upper_bound":5.202534285665648},"point_estimate":5.193766364504034,"standard_error":0.015081219680415613},"MedianAbsDev":{"confidence_interval":{"confidence_level":0.95,"lower_bound":0.012447322307607311,"upper_bound":0.08674912532131292},"point_estimate":0.03457712618342104,"standard_error":0.018196490054386758},"Slope":{"confidence_interval":{"confidence_level":0.95,"lower_bound":5.1080878076358145,"upper_bound":5.147130229640621},"point_estimate":5.127098430834296,"standard_error":0.0099451913320478},"StdDev":{"confidence_interval":{"confidence_level":0.95,"lower_bound":0.059519188123500884,"upper_bound":0.07398368634325968},"point_estimate":0.06714648154554535,"standard_error":0.003693661221244162}}