{"Mean":{"confidence_interval":{"confidence_level":0.95,"lower_bound":2.758074969238037,"upper_bound":2.7712716717080887},"point_estimate":2.7647745455967208,"standard_error":0.003366022719198313},"Median":{"confidence_interval":{"confidence_level":0.95,"lower_bound":2.768983118427408,"upper_bound":2.7865827549747477},"point_estimate":2.786041187480956,"standard_error":0.004586638624750426},"MedianAbsDev":{"confidence_interval":{"confidence_level":0.95,"lower_bound":0.006643198042607372,"upper_bound":0.0362479125097102},"point_estimate":0.014049337526181632,"standard_error":0.008132954342605605},"Slope":{"confidence_interval":{"confidence_level":0.95,"lower_bound":2.758184609264167,"upper_bound":2.7738130599299664},"point_estimate":2.7661711643201934,"standard_error":0.003989310395985032},"StdDev":{"confidence_interval":{"confidence_level":0.95,"lower_bound":0.030347317455302125,"upper_bound":0.03655790448325202},"point_estimate":0.03380012063449665,"standard_error":0.0015691669748321303}}