{"Mean":{"confidence_interval":{"confidence_level":0.95,"lower_bound":3.466140873797346,"upper_bound":4.560100835328318},"point_estimate":3.91839672158666,"standard_error":0.284962150119865},"Median":{"confidence_interval":{"confidence_level":0.95,"lower_bound":3.0133352092349033,"upper_bound":3.076613488061607},"point_estimate":3.036565136765124,"standard_error":0.03374035896782623},"MedianAbsDev":{"confidence_interval":{"confidence_level":0.95,"lower_bound":0.027914500675669814,"upper_bound":0.12139476265621253},"point_estimate":0.06000252489569824,"standard_error":0.05014416927415547},"Slope":{"confidence_interval":{"confidence_level":0.95,"lower_bound":3.861534978756903,"upper_bound":5.759195155378077},"point_estimate":4.661699390810577,"standard_error":0.49665979249801767},"StdDev":{"confidence_interval":{"confidence_level":0.95,"lower_bound":0.7182988052252274,"upper_bound":4.557662959399381},"point_estimate":2.8701128215853364,"standard_error":1.069993427011201}}