{"Mean":{"confidence_interval":{"confidence_level":0.95,"lower_bound":14.282672646774914,"upper_bound":14.36225533822751},"point_estimate":14.322407723309084,"standard_error":0.02024594597992783},"Median":{"confidence_interval":{"confidence_level":0.95,"lower_bound":14.23311418415005,"upper_bound":14.4755116466376},"point_estimate":14.451592225439963,"standard_error":0.08416457327142313},"MedianAbsDev":{"confidence_interval":{"confidence_level":0.95,"lower_bound":0.04950492361374366,"upper_bound":0.2976806218144692},"point_estimate":0.15297942930308225,"standard_error":0.08007028232292973},"Slope":{"confidence_interval":{"confidence_level":0.95,"lower_bound":14.237886304458208,"upper_bound":14.331971038508945},"point_estimate":14.285002148144915,"standard_error":0.02400710737868315},"StdDev":{"confidence_interval":{"confidence_level":0.95,"lower_bound":0.18549887935075202,"upper_bound":0.2220957794692601},"point_estimate":0.2033593989495378,"standard_error":0.009445084211966765}}