{"Mean":{"confidence_interval":{"confidence_level":0.95,"lower_bound":5.253013273461144,"upper_bound":5.378970071793872},"point_estimate":5.3126350292343725,"standard_error":0.032181985210281525},"Median":{"confidence_interval":{"confidence_level":0.95,"lower_bound":5.2094048314430665,"upper_bound":5.21190719948656},"point_estimate":5.210449365915249,"standard_error":0.0006540433817655736},"MedianAbsDev":{"confidence_interval":{"confidence_level":0.95,"lower_bound":0.017497689153694568,"upper_bound":0.1073042278689672},"point_estimate":0.030737315937311507,"standard_error":0.024915396544438532},"Slope":{"confidence_interval":{"confidence_level":0.95,"lower_bound":5.35472797674715,"upper_bound":5.624925205810514},"point_estimate":5.493153053767139,"standard_error":0.06907795657690699},"StdDev":{"confidence_interval":{"confidence_level":0.95,"lower_bound":0.2435064890471911,"upper_bound":0.3874857195628354},"point_estimate":0.32441326557978717,"standard_error":0.03694424914998342}}