{"Mean":{"confidence_interval":{"confidence_level":0.95,"lower_bound":5.163637345734148,"upper_bound":5.184478704515107},"point_estimate":5.174260922929975,"standard_error":0.005310690847169787},"Median":{"confidence_interval":{"confidence_level":0.95,"lower_bound":5.184183755278774,"upper_bound":5.205035064012761},"point_estimate":5.201663400365067,"standard_error":0.004904940243190187},"MedianAbsDev":{"confidence_interval":{"confidence_level":0.95,"lower_bound":0.009414524848049648,"upper_bound":0.03769404775655857},"point_estimate":0.019571347955592868,"standard_error":0.007642029329169453},"Slope":{"confidence_interval":{"confidence_level":0.95,"lower_bound":5.157377206687919,"upper_bound":5.185660696803895},"point_estimate":5.171957018367024,"standard_error":0.00720684290050842},"StdDev":{"confidence_interval":{"confidence_level":0.95,"lower_bound":0.045453159101233195,"upper_bound":0.06012574450686459},"point_estimate":0.053378149198724155,"standard_error":0.0037260280540576066}}