{"Mean":{"confidence_interval":{"confidence_level":0.95,"lower_bound":5.6053238795155345,"upper_bound":5.664631189274129},"point_estimate":5.632433955807399,"standard_error":0.015118374296763354},"Median":{"confidence_interval":{"confidence_level":0.95,"lower_bound":5.564379986002455,"upper_bound":5.650492865705068},"point_estimate":5.587552307563471,"standard_error":0.020623775903651366},"MedianAbsDev":{"confidence_interval":{"confidence_level":0.95,"lower_bound":0.0439350920834173,"upper_bound":0.1453454141369839},"point_estimate":0.08693560960658588,"standard_error":0.030194843674515488},"Slope":{"confidence_interval":{"confidence_level":0.95,"lower_bound":5.661921162618212,"upper_bound":5.754265352892948},"point_estimate":5.701077301681953,"standard_error":0.024120102991956993},"StdDev":{"confidence_interval":{"confidence_level":0.95,"lower_bound":0.09510068802540872,"upper_bound":0.21754801554840902},"point_estimate":0.15160457870925467,"standard_error":0.036727691964709624}}