{"Mean":{"confidence_interval":{"confidence_level":0.95,"lower_bound":5.455022761548892,"upper_bound":5.477089878989081},"point_estimate":5.4652725778791265,"standard_error":0.005644745422920557},"Median":{"confidence_interval":{"confidence_level":0.95,"lower_bound":5.452196598282819,"upper_bound":5.4718474799687185},"point_estimate":5.460140852652106,"standard_error":0.00503465323472902},"MedianAbsDev":{"confidence_interval":{"confidence_level":0.95,"lower_bound":0.016467135812823497,"upper_bound":0.029567746764878423},"point_estimate":0.019897012356141466,"standard_error":0.0033060799880418102},"Slope":{"confidence_interval":{"confidence_level":0.95,"lower_bound":5.435640056104698,"upper_bound":5.459674472699527},"point_estimate":5.4472583286395535,"standard_error":0.006127610295134833},"StdDev":{"confidence_interval":{"confidence_level":0.95,"lower_bound":0.033669886528109184,"upper_bound":0.07792725351339201},"point_estimate":0.05659503501750583,"standard_error":0.011558703118310991}}