{"Mean":{"confidence_interval":{"confidence_level":0.95,"lower_bound":10.482823552997466,"upper_bound":10.633069059654636},"point_estimate":10.557269043666931,"standard_error":0.038142201629554104},"Median":{"confidence_interval":{"confidence_level":0.95,"lower_bound":10.32830250990753,"upper_bound":10.604483426828628},"point_estimate":10.352099452726929,"standard_error":0.07450963506309957},"MedianAbsDev":{"confidence_interval":{"confidence_level":0.95,"lower_bound":0.20703263409698852,"upper_bound":0.5518433288791943},"point_estimate":0.3956397902812148,"standard_error":0.07864757646013155},"Slope":{"confidence_interval":{"confidence_level":0.95,"lower_bound":10.45205595476063,"upper_bound":10.612846938371893},"point_estimate":10.52994465558861,"standard_error":0.041072512962493986},"StdDev":{"confidence_interval":{"confidence_level":0.95,"lower_bound":0.3445791577295973,"upper_bound":0.41232366365386647},"point_estimate":0.38218018630640044,"standard_error":0.017296690345580453}}