{"Mean":{"confidence_interval":{"confidence_level":0.95,"lower_bound":5.43254206082836,"upper_bound":5.461221369081252},"point_estimate":5.446613434671698,"standard_error":0.0073283080341552},"Median":{"confidence_interval":{"confidence_level":0.95,"lower_bound":5.434788452046069,"upper_bound":5.439932880841113},"point_estimate":5.437871286180265,"standard_error":0.001582994912665481},"MedianAbsDev":{"confidence_interval":{"confidence_level":0.95,"lower_bound":0.007488673310114066,"upper_bound":0.017601704655437655},"point_estimate":0.013259303761056485,"standard_error":0.002722476925970109},"Slope":{"confidence_interval":{"confidence_level":0.95,"lower_bound":5.398355218263657,"upper_bound":5.42492876143411},"point_estimate":5.412179933587879,"standard_error":0.006788562248299028},"StdDev":{"confidence_interval":{"confidence_level":0.95,"lower_bound":0.05714450028438731,"upper_bound":0.08840512762578534},"point_estimate":0.07364514310456391,"standard_error":0.007972539461730793}}