{"Mean":{"confidence_interval":{"confidence_level":0.95,"lower_bound":4.7961541460165895,"upper_bound":4.821059948508612},"point_estimate":4.808352446446268,"standard_error":0.006328710765132823},"Median":{"confidence_interval":{"confidence_level":0.95,"lower_bound":4.772987337673825,"upper_bound":4.850369880970239},"point_estimate":4.830371974696078,"standard_error":0.01937130139137119},"MedianAbsDev":{"confidence_interval":{"confidence_level":0.95,"lower_bound":0.02459017198475545,"upper_bound":0.08563076435170847},"point_estimate":0.05440719626576236,"standard_error":0.016830482356129974},"Slope":{"confidence_interval":{"confidence_level":0.95,"lower_bound":4.798483148222791,"upper_bound":4.824293625431991},"point_estimate":4.811625743734928,"standard_error":0.006604652350093247},"StdDev":{"confidence_interval":{"confidence_level":0.95,"lower_bound":0.0524671141562763,"upper_bound":0.07842659889757127},"point_estimate":0.0636060922646138,"standard_error":0.00721733712835979}}