{"Mean":{"confidence_interval":{"confidence_level":0.95,"lower_bound":11.917648014103328,"upper_bound":11.980807454878608},"point_estimate":11.949299852243135,"standard_error":0.016144699663678007},"Median":{"confidence_interval":{"confidence_level":0.95,"lower_bound":11.955313283835615,"upper_bound":12.051232106860699},"point_estimate":12.03380274783291,"standard_error":0.026101002649569313},"MedianAbsDev":{"confidence_interval":{"confidence_level":0.95,"lower_bound":0.04202789583886999,"upper_bound":0.1816337119652833},"point_estimate":0.08001454513068533,"standard_error":0.03532545422281341},"Slope":{"confidence_interval":{"confidence_level":0.95,"lower_bound":11.871857292354045,"upper_bound":11.94904759084867},"point_estimate":11.910186370591182,"standard_error":0.019635195478649992},"StdDev":{"confidence_interval":{"confidence_level":0.95,"lower_bound":0.14244562775223193,"upper_bound":0.18164236786997004},"point_estimate":0.1620209397389741,"standard_error":0.010043459623282432}}