{"Mean":{"confidence_interval":{"confidence_level":0.95,"lower_bound":5.784319525392888,"upper_bound":5.898282109293124},"point_estimate":5.833388271475939,"standard_error":0.02943305808095731},"Median":{"confidence_interval":{"confidence_level":0.95,"lower_bound":5.786333808096607,"upper_bound":5.820806441523741},"point_estimate":5.797676054986933,"standard_error":0.008839459425551805},"MedianAbsDev":{"confidence_interval":{"confidence_level":0.95,"lower_bound":0.07375018786821996,"upper_bound":0.1321665597892357},"point_estimate":0.10708258444465389,"standard_error":0.014433798828112509},"Slope":{"confidence_interval":{"confidence_level":0.95,"lower_bound":5.726676250197735,"upper_bound":5.953063440134637},"point_estimate":5.820814830506908,"standard_error":0.05901921782132623},"StdDev":{"confidence_interval":{"confidence_level":0.95,"lower_bound":0.10117078338738449,"upper_bound":0.45572266397307776},"point_estimate":0.2977993357323479,"standard_error":0.09628638376372821}}