{"Mean":{"confidence_interval":{"confidence_level":0.95,"lower_bound":6.826260656809372,"upper_bound":6.867264831083228},"point_estimate":6.847363619904737,"standard_error":0.010470059787903212},"Median":{"confidence_interval":{"confidence_level":0.95,"lower_bound":6.888530874674399,"upper_bound":6.902275512615919},"point_estimate":6.899103725792433,"standard_error":0.003022883387661428},"MedianAbsDev":{"confidence_interval":{"confidence_level":0.95,"lower_bound":0.015363689457421253,"upper_bound":0.035010264272998734},"point_estimate":0.020250625202328953,"standard_error":0.004905088613470364},"Slope":{"confidence_interval":{"confidence_level":0.95,"lower_bound":6.742140712771124,"upper_bound":6.810461545955972},"point_estimate":6.774504269966019,"standard_error":0.017448493184593343},"StdDev":{"confidence_interval":{"confidence_level":0.95,"lower_bound":0.08682822947649599,"upper_bound":0.12067066184369842},"point_estimate":0.1053050736566001,"standard_error":0.008613957232935242}}