{"Mean":{"confidence_interval":{"confidence_level":0.95,"lower_bound":5.548314331696248,"upper_bound":5.58424132768358},"point_estimate":5.5652422578400085,"standard_error":0.009185673904731233},"Median":{"confidence_interval":{"confidence_level":0.95,"lower_bound":5.546137176647866,"upper_bound":5.558870421330592},"point_estimate":5.554678278286152,"standard_error":0.0036266659161710143},"MedianAbsDev":{"confidence_interval":{"confidence_level":0.95,"lower_bound":0.020701235867007697,"upper_bound":0.03941397280105381},"point_estimate":0.030078121933599385,"standard_error":0.0049602369873508415},"Slope":{"confidence_interval":{"confidence_level":0.95,"lower_bound":5.528892217887791,"upper_bound":5.5645330769558905},"point_estimate":5.545990366140193,"standard_error":0.009111127854992252},"StdDev":{"confidence_interval":{"confidence_level":0.95,"lower_bound":0.05995199182724171,"upper_bound":0.1222711280158616},"point_estimate":0.09253257937025039,"standard_error":0.016065559031345513}}