{"Mean":{"confidence_interval":{"confidence_level":0.95,"lower_bound":10.05857839454635,"upper_bound":10.209294936093332},"point_estimate":10.133196449888707,"standard_error":0.03837544406235906},"Median":{"confidence_interval":{"confidence_level":0.95,"lower_bound":9.875359145042268,"upper_bound":10.378647102239698},"point_estimate":10.02539453762423,"standard_error":0.13920519031681652},"MedianAbsDev":{"confidence_interval":{"confidence_level":0.95,"lower_bound":0.24232690595191939,"upper_bound":0.5837998395921983},"point_estimate":0.4683179995211101,"standard_error":0.08836512678245909},"Slope":{"confidence_interval":{"confidence_level":0.95,"lower_bound":10.088074867707109,"upper_bound":10.288864074825414},"point_estimate":10.190007559574752,"standard_error":0.05131011252120136},"StdDev":{"confidence_interval":{"confidence_level":0.95,"lower_bound":0.3561774820997925,"upper_bound":0.40936975719621815},"point_estimate":0.3850025516401333,"standard_error":0.013640480596750335}}