{"Mean":{"confidence_interval":{"confidence_level":0.95,"lower_bound":7.580852148249505,"upper_bound":7.606462478022056},"point_estimate":7.59402166007397,"standard_error":0.00651468246639665},"Median":{"confidence_interval":{"confidence_level":0.95,"lower_bound":7.609991719313042,"upper_bound":7.613687014792138},"point_estimate":7.6119875815001485,"standard_error":0.0009587512717306693},"MedianAbsDev":{"confidence_interval":{"confidence_level":0.95,"lower_bound":0.00431370984288344,"upper_bound":0.014919511668598387},"point_estimate":0.00680179261933081,"standard_error":0.0027255495658193834},"Slope":{"confidence_interval":{"confidence_level":0.95,"lower_bound":7.561179570863701,"upper_bound":7.5980079796171385},"point_estimate":7.580251694218047,"standard_error":0.009435139757075613},"StdDev":{"confidence_interval":{"confidence_level":0.95,"lower_bound":0.051870125552138706,"upper_bound":0.07669222103043394},"point_estimate":0.06555401948764619,"standard_error":0.006309585938682754}}