{"Mean":{"confidence_interval":{"confidence_level":0.95,"lower_bound":6.3250954999522335,"upper_bound":6.3478718622430215},"point_estimate":6.3365260901181735,"standard_error":0.005823743209036886},"Median":{"confidence_interval":{"confidence_level":0.95,"lower_bound":6.3441958996432355,"upper_bound":6.356407992817681},"point_estimate":6.3516584794238895,"standard_error":0.00262289484490152},"MedianAbsDev":{"confidence_interval":{"confidence_level":0.95,"lower_bound":0.017196798022695522,"upper_bound":0.031730263343232167},"point_estimate":0.02500119858846176,"standard_error":0.0037120031830365427},"Slope":{"confidence_interval":{"confidence_level":0.95,"lower_bound":6.317006124485105,"upper_bound":6.347269236162073},"point_estimate":6.332541370484294,"standard_error":0.007690847399123569},"StdDev":{"confidence_interval":{"confidence_level":0.95,"lower_bound":0.045324673072985266,"upper_bound":0.07177766756905972},"point_estimate":0.05861209733719116,"standard_error":0.00677071101444719}}