{"Mean":{"confidence_interval":{"confidence_level":0.95,"lower_bound":3.8556685710425445,"upper_bound":3.882796727143853},"point_estimate":3.868551629550577,"standard_error":0.006933499892317456},"Median":{"confidence_interval":{"confidence_level":0.95,"lower_bound":3.836975951363692,"upper_bound":3.902311116652979},"point_estimate":3.900740023664869,"standard_error":0.015968199008675465},"MedianAbsDev":{"confidence_interval":{"confidence_level":0.95,"lower_bound":0.01324298085191086,"upper_bound":0.08525896058218688},"point_estimate":0.03990372982276923,"standard_error":0.021361011538540992},"Slope":{"confidence_interval":{"confidence_level":0.95,"lower_bound":3.8164064269471685,"upper_bound":3.84093244447336},"point_estimate":3.828081679338731,"standard_error":0.00625999713412949},"StdDev":{"confidence_interval":{"confidence_level":0.95,"lower_bound":0.05045839213095368,"upper_bound":0.09441299644770403},"point_estimate":0.06961927884008119,"standard_error":0.012932551378453372}}