{"Mean":{"confidence_interval":{"confidence_level":0.95,"lower_bound":5.704371889778868,"upper_bound":5.753185107897646},"point_estimate":5.726082441813802,"standard_error":0.01253981846769534},"Median":{"confidence_interval":{"confidence_level":0.95,"lower_bound":5.6969901175277835,"upper_bound":5.711993577678092},"point_estimate":5.70384295679156,"standard_error":0.0038834316617079104},"MedianAbsDev":{"confidence_interval":{"confidence_level":0.95,"lower_bound":0.02763408195882432,"upper_bound":0.041260180983757826},"point_estimate":0.03592336279209025,"standard_error":0.003519059256807344},"Slope":{"confidence_interval":{"confidence_level":0.95,"lower_bound":5.6828553934563955,"upper_bound":5.7360708579062845},"point_estimate":5.706240014556726,"standard_error":0.013611253608454351},"StdDev":{"confidence_interval":{"confidence_level":0.95,"lower_bound":0.05671937859807138,"upper_bound":0.18353950639045802},"point_estimate":0.12581224503178629,"standard_error":0.03270446287553454}}