{"Mean":{"confidence_interval":{"confidence_level":0.95,"lower_bound":5.498127499346127,"upper_bound":5.5232018444872155},"point_estimate":5.510604449450349,"standard_error":0.00639638674284089},"Median":{"confidence_interval":{"confidence_level":0.95,"lower_bound":5.526432194315259,"upper_bound":5.5463340271353685},"point_estimate":5.541622422123235,"standard_error":0.004915080411149373},"MedianAbsDev":{"confidence_interval":{"confidence_level":0.95,"lower_bound":0.010088213251653351,"upper_bound":0.05158472615037072},"point_estimate":0.02281781950664471,"standard_error":0.011122677179753158},"Slope":{"confidence_interval":{"confidence_level":0.95,"lower_bound":5.4857953963058685,"upper_bound":5.5157274150819635},"point_estimate":5.500985353347248,"standard_error":0.007630693528706639},"StdDev":{"confidence_interval":{"confidence_level":0.95,"lower_bound":0.0534682005532341,"upper_bound":0.07591483045121462},"point_estimate":0.0640282285284546,"standard_error":0.005816217961060288}}