{"Mean":{"confidence_interval":{"confidence_level":0.95,"lower_bound":7.251083894738324,"upper_bound":7.290622799290969},"point_estimate":7.269884771214346,"standard_error":0.010107964748479794},"Median":{"confidence_interval":{"confidence_level":0.95,"lower_bound":7.234544079262614,"upper_bound":7.261053386661658},"point_estimate":7.246555224190132,"standard_error":0.00631331896579613},"MedianAbsDev":{"confidence_interval":{"confidence_level":0.95,"lower_bound":0.04154387208618397,"upper_bound":0.07072541444885307},"point_estimate":0.055751424234419165,"standard_error":0.0074147103301733805},"Slope":{"confidence_interval":{"confidence_level":0.95,"lower_bound":7.2502329600794955,"upper_bound":7.291522188088589},"point_estimate":7.269573743792592,"standard_error":0.010564803083661561},"StdDev":{"confidence_interval":{"confidence_level":0.95,"lower_bound":0.07204636571663661,"upper_bound":0.12947510536192222},"point_estimate":0.10178745799737478,"standard_error":0.014790819478945196}}