{"Mean":{"confidence_interval":{"confidence_level":0.95,"lower_bound":17.480286009408175,"upper_bound":17.77599016903339},"point_estimate":17.60602487388421,"standard_error":0.07640606681397252},"Median":{"confidence_interval":{"confidence_level":0.95,"lower_bound":17.376445954073375,"upper_bound":17.732446325425947},"point_estimate":17.420577665212562,"standard_error":0.08984884418831715},"MedianAbsDev":{"confidence_interval":{"confidence_level":0.95,"lower_bound":0.1972040675125,"upper_bound":0.5405633383001762},"point_estimate":0.4975912659792005,"standard_error":0.08550800683377387},"Slope":{"confidence_interval":{"confidence_level":0.95,"lower_bound":17.2845603809866,"upper_bound":17.44316622861759},"point_estimate":17.358150615522863,"standard_error":0.040537987737012365},"StdDev":{"confidence_interval":{"confidence_level":0.95,"lower_bound":0.2879824597406908,"upper_bound":1.1954107119382256},"point_estimate":0.7684971105055936,"standard_error":0.25423811683348196}}