{"Mean":{"confidence_interval":{"confidence_level":0.95,"lower_bound":4.482651900281496,"upper_bound":4.52001893571686},"point_estimate":4.500832871482077,"standard_error":0.009513259271354615},"Median":{"confidence_interval":{"confidence_level":0.95,"lower_bound":4.472442790462496,"upper_bound":4.508109104892197},"point_estimate":4.4895874840710785,"standard_error":0.010392635995991743},"MedianAbsDev":{"confidence_interval":{"confidence_level":0.95,"lower_bound":0.05096058792957742,"upper_bound":0.08904466643928764},"point_estimate":0.06682734732908448,"standard_error":0.009935514300111586},"Slope":{"confidence_interval":{"confidence_level":0.95,"lower_bound":4.480931266187988,"upper_bound":4.520442965224558},"point_estimate":4.500202530171539,"standard_error":0.01007341661455757},"StdDev":{"confidence_interval":{"confidence_level":0.95,"lower_bound":0.07582344067197973,"upper_bound":0.1143922819267836},"point_estimate":0.09599859221029315,"standard_error":0.009884944537683528}}