{"Mean":{"confidence_interval":{"confidence_level":0.95,"lower_bound":5.461609602751154,"upper_bound":5.477255947544012},"point_estimate":5.468712302827226,"standard_error":0.00398350558852352},"Median":{"confidence_interval":{"confidence_level":0.95,"lower_bound":5.458601624127179,"upper_bound":5.463245442153569},"point_estimate":5.460689090175997,"standard_error":0.0012620737460515856},"MedianAbsDev":{"confidence_interval":{"confidence_level":0.95,"lower_bound":0.0087205458889995,"upper_bound":0.018252737692455962},"point_estimate":0.012040625947320657,"standard_error":0.0026393835958429387},"Slope":{"confidence_interval":{"confidence_level":0.95,"lower_bound":5.4616643768543325,"upper_bound":5.471310412782341},"point_estimate":5.466203657673172,"standard_error":0.002472655512638406},"StdDev":{"confidence_interval":{"confidence_level":0.95,"lower_bound":0.02317806580279899,"upper_bound":0.05590109016481019},"point_estimate":0.0397877620664443,"standard_error":0.008601009800343219}}