{"Mean":{"confidence_interval":{"confidence_level":0.95,"lower_bound":8.981218321688713,"upper_bound":9.023703436866882},"point_estimate":9.002866006711558,"standard_error":0.010834623136354924},"Median":{"confidence_interval":{"confidence_level":0.95,"lower_bound":9.038338267015272,"upper_bound":9.048774719949302},"point_estimate":9.041732104725746,"standard_error":0.003205153686442932},"MedianAbsDev":{"confidence_interval":{"confidence_level":0.95,"lower_bound":0.018883896248975247,"upper_bound":0.047595170293376746},"point_estimate":0.02579330817117391,"standard_error":0.007089614996325008},"Slope":{"confidence_interval":{"confidence_level":0.95,"lower_bound":8.93662296505479,"upper_bound":8.99642721520008},"point_estimate":8.967211932081602,"standard_error":0.015253339540418602},"StdDev":{"confidence_interval":{"confidence_level":0.95,"lower_bound":0.08953924432900513,"upper_bound":0.12668384450558418},"point_estimate":0.10889901754413174,"standard_error":0.009465078477666465}}