{"Mean":{"confidence_interval":{"confidence_level":0.95,"lower_bound":6.601047809150284,"upper_bound":6.638578319819111},"point_estimate":6.619429922784431,"standard_error":0.009554114340535151},"Median":{"confidence_interval":{"confidence_level":0.95,"lower_bound":6.602484165315302,"upper_bound":6.607178243793514},"point_estimate":6.604219388213503,"standard_error":0.0012436107326948547},"MedianAbsDev":{"confidence_interval":{"confidence_level":0.95,"lower_bound":0.005897661451825508,"upper_bound":0.037398172263812784},"point_estimate":0.018031763876681057,"standard_error":0.008331869428635652},"Slope":{"confidence_interval":{"confidence_level":0.95,"lower_bound":6.564293853278867,"upper_bound":6.629088965766428},"point_estimate":6.595124650100881,"standard_error":0.01654420101224548},"StdDev":{"confidence_interval":{"confidence_level":0.95,"lower_bound":0.07846501237057332,"upper_bound":0.11177802087241615},"point_estimate":0.09628543035055653,"standard_error":0.008505558016654025}}