{"Mean":{"confidence_interval":{"confidence_level":0.95,"lower_bound":6.276559614426021,"upper_bound":6.333520689018792},"point_estimate":6.302813036214473,"standard_error":0.014551802323433331},"Median":{"confidence_interval":{"confidence_level":0.95,"lower_bound":6.23093990979194,"upper_bound":6.324381432740228},"point_estimate":6.236126809270669,"standard_error":0.02143835543568255},"MedianAbsDev":{"confidence_interval":{"confidence_level":0.95,"lower_bound":0.014706708342274343,"upper_bound":0.18626348846246202},"point_estimate":0.05001943986949595,"standard_error":0.050359666243499523},"Slope":{"confidence_interval":{"confidence_level":0.95,"lower_bound":6.225500725796123,"upper_bound":6.306322460931884},"point_estimate":6.262091114243121,"standard_error":0.020571983883063992},"StdDev":{"confidence_interval":{"confidence_level":0.95,"lower_bound":0.0950571262942189,"upper_bound":0.20810837421225073},"point_estimate":0.14652396535392,"standard_error":0.03418600700183699}}