{"Mean":{"confidence_interval":{"confidence_level":0.95,"lower_bound":6.873040525839826,"upper_bound":6.906478364451268},"point_estimate":6.888999531319845,"standard_error":0.00854931951482418},"Median":{"confidence_interval":{"confidence_level":0.95,"lower_bound":6.893347995721526,"upper_bound":6.896691745189388},"point_estimate":6.895035077217345,"standard_error":0.0007113130163063977},"MedianAbsDev":{"confidence_interval":{"confidence_level":0.95,"lower_bound":0.0047019229188722126,"upper_bound":0.009012820968314662},"point_estimate":0.006018540330510512,"standard_error":0.0011235705109232962},"Slope":{"confidence_interval":{"confidence_level":0.95,"lower_bound":6.8386469394632154,"upper_bound":6.881560929336201},"point_estimate":6.860845637097591,"standard_error":0.010967594160622577},"StdDev":{"confidence_interval":{"confidence_level":0.95,"lower_bound":0.054577543704155025,"upper_bound":0.1184501173028513},"point_estimate":0.08588305119539628,"standard_error":0.01699579437771718}}