{"Mean":{"confidence_interval":{"confidence_level":0.95,"lower_bound":5.36217041532172,"upper_bound":5.38562103519871},"point_estimate":5.373441468043447,"standard_error":0.0059826458391417404},"Median":{"confidence_interval":{"confidence_level":0.95,"lower_bound":5.372286227783929,"upper_bound":5.378742165574638},"point_estimate":5.3755357358588185,"standard_error":0.0015691177744454332},"MedianAbsDev":{"confidence_interval":{"confidence_level":0.95,"lower_bound":0.011138542714627659,"upper_bound":0.0248401310197659},"point_estimate":0.017559109277445438,"standard_error":0.0037689376919962307},"Slope":{"confidence_interval":{"confidence_level":0.95,"lower_bound":5.324643355609397,"upper_bound":5.355875131561746},"point_estimate":5.339996645637621,"standard_error":0.007997774093142411},"StdDev":{"confidence_interval":{"confidence_level":0.95,"lower_bound":0.04043359011137349,"upper_bound":0.0786878093983869},"point_estimate":0.060086781843732034,"standard_error":0.009882409501504378}}