{"Mean":{"confidence_interval":{"confidence_level":0.95,"lower_bound":5.664638336029228,"upper_bound":5.692170611954354},"point_estimate":5.67734698889368,"standard_error":0.00702021484438657},"Median":{"confidence_interval":{"confidence_level":0.95,"lower_bound":5.651652794273371,"upper_bound":5.660494835794701},"point_estimate":5.657194750261292,"standard_error":0.0021749451612621752},"MedianAbsDev":{"confidence_interval":{"confidence_level":0.95,"lower_bound":0.014175838344347689,"upper_bound":0.030038058309660085},"point_estimate":0.020031836126805536,"standard_error":0.004037300209536702},"Slope":{"confidence_interval":{"confidence_level":0.95,"lower_bound":5.650910192275482,"upper_bound":5.665004183700229},"point_estimate":5.657563903776772,"standard_error":0.00359987995418988},"StdDev":{"confidence_interval":{"confidence_level":0.95,"lower_bound":0.04438653394027393,"upper_bound":0.09422228679936778},"point_estimate":0.0704466986110878,"standard_error":0.0129072169058894}}