{"Mean":{"confidence_interval":{"confidence_level":0.95,"lower_bound":10.434835759587951,"upper_bound":10.505181339559865},"point_estimate":10.466318074983777,"standard_error":0.018012024443915226},"Median":{"confidence_interval":{"confidence_level":0.95,"lower_bound":10.385001659241054,"upper_bound":10.413506303290266},"point_estimate":10.390790201104242,"standard_error":0.006920791504458483},"MedianAbsDev":{"confidence_interval":{"confidence_level":0.95,"lower_bound":0.032760388313857185,"upper_bound":0.0816425014748509},"point_estimate":0.047454512810283504,"standard_error":0.01161151623857886},"Slope":{"confidence_interval":{"confidence_level":0.95,"lower_bound":10.422101266070051,"upper_bound":10.473278564310306},"point_estimate":10.446163492788266,"standard_error":0.013080613147801916},"StdDev":{"confidence_interval":{"confidence_level":0.95,"lower_bound":0.10502147545285005,"upper_bound":0.2660336032826089},"point_estimate":0.182032830111449,"standard_error":0.048316263805612325}}