{"Mean":{"confidence_interval":{"confidence_level":0.95,"lower_bound":5.3138658449860054,"upper_bound":5.338956989044564},"point_estimate":5.326647009412799,"standard_error":0.006391981680851442},"Median":{"confidence_interval":{"confidence_level":0.95,"lower_bound":5.35063480060079,"upper_bound":5.353263172011898},"point_estimate":5.351578273781638,"standard_error":0.0006955070117987287},"MedianAbsDev":{"confidence_interval":{"confidence_level":0.95,"lower_bound":0.006269306168934047,"upper_bound":0.029957794727970177},"point_estimate":0.015530045330753297,"standard_error":0.006689855881841214},"Slope":{"confidence_interval":{"confidence_level":0.95,"lower_bound":5.3255893247263035,"upper_bound":5.347883471148357},"point_estimate":5.337627183428384,"standard_error":0.005699239530392113},"StdDev":{"confidence_interval":{"confidence_level":0.95,"lower_bound":0.052686702458228506,"upper_bound":0.0749762496380551},"point_estimate":0.06429800424709521,"standard_error":0.005669974998889868}}