{"Mean":{"confidence_interval":{"confidence_level":0.95,"lower_bound":10.172952580441265,"upper_bound":10.311418742217471},"point_estimate":10.241962773062436,"standard_error":0.035324779291870056},"Median":{"confidence_interval":{"confidence_level":0.95,"lower_bound":10.067851793327078,"upper_bound":10.46511589272019},"point_estimate":10.264743465417181,"standard_error":0.10162976803004764},"MedianAbsDev":{"confidence_interval":{"confidence_level":0.95,"lower_bound":0.29942594290703867,"upper_bound":0.5402238589756094},"point_estimate":0.5157328488340386,"standard_error":0.06224811342839448},"Slope":{"confidence_interval":{"confidence_level":0.95,"lower_bound":10.10722172705359,"upper_bound":10.290562832115043},"point_estimate":10.198581460310944,"standard_error":0.046847841786384146},"StdDev":{"confidence_interval":{"confidence_level":0.95,"lower_bound":0.3273147694248143,"upper_bound":0.3787337384188385},"point_estimate":0.35528569347793987,"standard_error":0.01309832835131526}}