{"Mean":{"confidence_interval":{"confidence_level":0.95,"lower_bound":10.050197837510881,"upper_bound":10.171745672819034},"point_estimate":10.108923697680805,"standard_error":0.030978299403574452},"Median":{"confidence_interval":{"confidence_level":0.95,"lower_bound":9.903004390498678,"upper_bound":10.101618010293462},"point_estimate":10.074537255809222,"standard_error":0.05429008699294927},"MedianAbsDev":{"confidence_interval":{"confidence_level":0.95,"lower_bound":0.1400298240393208,"upper_bound":0.33778173429546193},"point_estimate":0.30070828674757405,"standard_error":0.05948361080587017},"Slope":{"confidence_interval":{"confidence_level":0.95,"lower_bound":10.0074311191098,"upper_bound":10.167619006446252},"point_estimate":10.082041340189377,"standard_error":0.041018168330414315},"StdDev":{"confidence_interval":{"confidence_level":0.95,"lower_bound":0.2550883961471241,"upper_bound":0.35657774912101486},"point_estimate":0.31109722290629577,"standard_error":0.02586513275821443}}