{"Mean":{"confidence_interval":{"confidence_level":0.95,"lower_bound":5.0533329961152305,"upper_bound":5.072814074217856},"point_estimate":5.062563775745402,"standard_error":0.004988175774913988},"Median":{"confidence_interval":{"confidence_level":0.95,"lower_bound":5.062868447338195,"upper_bound":5.064937870691617},"point_estimate":5.064014671426857,"standard_error":0.0005942659082230453},"MedianAbsDev":{"confidence_interval":{"confidence_level":0.95,"lower_bound":0.0032623118860834995,"upper_bound":0.00984961883658172},"point_estimate":0.006596907278026251,"standard_error":0.0016733108122346859},"Slope":{"confidence_interval":{"confidence_level":0.95,"lower_bound":5.039400497480402,"upper_bound":5.058193420674302},"point_estimate":5.049212600817505,"standard_error":0.004811214227641782},"StdDev":{"confidence_interval":{"confidence_level":0.95,"lower_bound":0.029622446136695593,"upper_bound":0.06817956337637483},"point_estimate":0.05010553463468,"standard_error":0.009930317738767633}}