{"Mean":{"confidence_interval":{"confidence_level":0.95,"lower_bound":10.440502547002637,"upper_bound":10.52124728409233},"point_estimate":10.481132426290197,"standard_error":0.020639576199177993},"Median":{"confidence_interval":{"confidence_level":0.95,"lower_bound":10.49340633145217,"upper_bound":10.498874535193083},"point_estimate":10.495069018489815,"standard_error":0.0015821582295724036},"MedianAbsDev":{"confidence_interval":{"confidence_level":0.95,"lower_bound":0.014231879801853295,"upper_bound":0.2896297657033616},"point_estimate":0.06295273619794889,"standard_error":0.06687078353599347},"Slope":{"confidence_interval":{"confidence_level":0.95,"lower_bound":10.309806325576012,"upper_bound":10.409028261331619},"point_estimate":10.358044192176338,"standard_error":0.02535115299194051},"StdDev":{"confidence_interval":{"confidence_level":0.95,"lower_bound":0.17807837324391787,"upper_bound":0.23349042323876773},"point_estimate":0.20773880971175496,"standard_error":0.014154237965741896}}