{"Mean":{"confidence_interval":{"confidence_level":0.95,"lower_bound":2.9979206246179593,"upper_bound":3.0052356505539093},"point_estimate":3.001369074777324,"standard_error":0.0018647466788574436},"Median":{"confidence_interval":{"confidence_level":0.95,"lower_bound":2.9946546286807134,"upper_bound":2.9976815619811696},"point_estimate":2.9959109877761048,"standard_error":0.0006761714315249092},"MedianAbsDev":{"confidence_interval":{"confidence_level":0.95,"lower_bound":0.0041099856025043,"upper_bound":0.00979277739912327},"point_estimate":0.00579697751572056,"standard_error":0.0016469592757499716},"Slope":{"confidence_interval":{"confidence_level":0.95,"lower_bound":2.9955290945541266,"upper_bound":3.002665121260419},"point_estimate":2.9986384343459114,"standard_error":0.001828476790446854},"StdDev":{"confidence_interval":{"confidence_level":0.95,"lower_bound":0.01334033547914377,"upper_bound":0.02347632399221265},"point_estimate":0.01883013818014986,"standard_error":0.002585803542182481}}