{"Mean":{"confidence_interval":{"confidence_level":0.95,"lower_bound":4.985747123877048,"upper_bound":5.038353304242908},"point_estimate":5.00961559052198,"standard_error":0.013439525366362764},"Median":{"confidence_interval":{"confidence_level":0.95,"lower_bound":4.962645190562613,"upper_bound":5.025406714444577},"point_estimate":5.0176024647704605,"standard_error":0.016172707619303926},"MedianAbsDev":{"confidence_interval":{"confidence_level":0.95,"lower_bound":0.08026485587741435,"upper_bound":0.1265053771391815},"point_estimate":0.09929297292451952,"standard_error":0.01289180148109916},"Slope":{"confidence_interval":{"confidence_level":0.95,"lower_bound":4.9760912007638725,"upper_bound":5.018280727541056},"point_estimate":4.997539289998715,"standard_error":0.01075238235746396},"StdDev":{"confidence_interval":{"confidence_level":0.95,"lower_bound":0.08166247232152574,"upper_bound":0.19564296197410821},"point_estimate":0.13547411451742894,"standard_error":0.03350497539788587}}