{"Mean":{"confidence_interval":{"confidence_level":0.95,"lower_bound":5.483467665821476,"upper_bound":5.509034895384447},"point_estimate":5.496206955705116,"standard_error":0.0065104770496868065},"Median":{"confidence_interval":{"confidence_level":0.95,"lower_bound":5.495579610227884,"upper_bound":5.499066026294771},"point_estimate":5.496840269043763,"standard_error":0.0007460559766272129},"MedianAbsDev":{"confidence_interval":{"confidence_level":0.95,"lower_bound":0.006922173108483581,"upper_bound":0.017483647544724208},"point_estimate":0.010075330151839354,"standard_error":0.0028923637273250724},"Slope":{"confidence_interval":{"confidence_level":0.95,"lower_bound":5.447198834794014,"upper_bound":5.491847037436449},"point_estimate":5.468920471332157,"standard_error":0.011395790990356185},"StdDev":{"confidence_interval":{"confidence_level":0.95,"lower_bound":0.05009870105574168,"upper_bound":0.07876024950661836},"point_estimate":0.0652989173983964,"standard_error":0.00729077067443218}}