{"Mean":{"confidence_interval":{"confidence_level":0.95,"lower_bound":5.000567470790516,"upper_bound":5.031715843471031},"point_estimate":5.015910122907204,"standard_error":0.007952630899813679},"Median":{"confidence_interval":{"confidence_level":0.95,"lower_bound":4.999884500783837,"upper_bound":5.0184789847044184},"point_estimate":5.00577234876199,"standard_error":0.004065605047365399},"MedianAbsDev":{"confidence_interval":{"confidence_level":0.95,"lower_bound":0.039928065484312866,"upper_bound":0.08096789901245402},"point_estimate":0.06780141398962611,"standard_error":0.009645509722917622},"Slope":{"confidence_interval":{"confidence_level":0.95,"lower_bound":4.985918835768093,"upper_bound":5.024149727088225},"point_estimate":5.005198986311545,"standard_error":0.009743038364629693},"StdDev":{"confidence_interval":{"confidence_level":0.95,"lower_bound":0.06609919411355641,"upper_bound":0.09206002948187222},"point_estimate":0.07973816599401998,"standard_error":0.0066263904179487704}}