{"Mean":{"confidence_interval":{"confidence_level":0.95,"lower_bound":5.47541574290123,"upper_bound":5.488698576868268},"point_estimate":5.481637125484475,"standard_error":0.0034037241306197597},"Median":{"confidence_interval":{"confidence_level":0.95,"lower_bound":5.473029888025566,"upper_bound":5.479565048513371},"point_estimate":5.476166154917053,"standard_error":0.001637144391149527},"MedianAbsDev":{"confidence_interval":{"confidence_level":0.95,"lower_bound":0.01256801524394437,"upper_bound":0.02253977744610178},"point_estimate":0.017659363085246155,"standard_error":0.002462845464737829},"Slope":{"confidence_interval":{"confidence_level":0.95,"lower_bound":5.472994549324869,"upper_bound":5.483175736352143},"point_estimate":5.477714602327781,"standard_error":0.002598016880447804},"StdDev":{"confidence_interval":{"confidence_level":0.95,"lower_bound":0.022942254784497653,"upper_bound":0.04526721019143759},"point_estimate":0.03442284352350126,"standard_error":0.00577110181703978}}