{"Mean":{"confidence_interval":{"confidence_level":0.95,"lower_bound":11.44366996708587,"upper_bound":11.535629401728093},"point_estimate":11.480029189056072,"standard_error":0.02424733740699078},"Median":{"confidence_interval":{"confidence_level":0.95,"lower_bound":11.416467211110175,"upper_bound":11.425614800744889},"point_estimate":11.420905311717558,"standard_error":0.002545549149272965},"MedianAbsDev":{"confidence_interval":{"confidence_level":0.95,"lower_bound":0.015999808052615548,"upper_bound":0.0299542190233478},"point_estimate":0.02137527139757713,"standard_error":0.00379556872146667},"Slope":{"confidence_interval":{"confidence_level":0.95,"lower_bound":11.431534295318372,"upper_bound":11.507628948562818},"point_estimate":11.460259037594284,"standard_error":0.020307041014366565},"StdDev":{"confidence_interval":{"confidence_level":0.95,"lower_bound":0.07847623445881621,"upper_bound":0.39528033720147043},"point_estimate":0.24287143501916728,"standard_error":0.10431228840092488}}