{"Mean":{"confidence_interval":{"confidence_level":0.95,"lower_bound":4.318491980751076,"upper_bound":4.376119561217226},"point_estimate":4.3421562141666,"standard_error":0.015062165239036616},"Median":{"confidence_interval":{"confidence_level":0.95,"lower_bound":4.305857625072466,"upper_bound":4.331316495511069},"point_estimate":4.317999786598401,"standard_error":0.006802754734689482},"MedianAbsDev":{"confidence_interval":{"confidence_level":0.95,"lower_bound":0.027445870652575182,"upper_bound":0.061236350290275576},"point_estimate":0.03917148052983825,"standard_error":0.009020557110634004},"Slope":{"confidence_interval":{"confidence_level":0.95,"lower_bound":4.303845631243601,"upper_bound":4.356574519185337},"point_estimate":4.326686845310606,"standard_error":0.01347486278874579},"StdDev":{"confidence_interval":{"confidence_level":0.95,"lower_bound":0.05798552163477168,"upper_bound":0.24388316166240162},"point_estimate":0.15201751268580488,"standard_error":0.06022511196454118}}