{"Mean":{"confidence_interval":{"confidence_level":0.95,"lower_bound":5.531846936776165,"upper_bound":5.560288263725371},"point_estimate":5.545659360982723,"standard_error":0.007248058026401261},"Median":{"confidence_interval":{"confidence_level":0.95,"lower_bound":5.557762798866912,"upper_bound":5.569409336851198},"point_estimate":5.563095982881077,"standard_error":0.002720023817384399},"MedianAbsDev":{"confidence_interval":{"confidence_level":0.95,"lower_bound":0.01435326086951014,"upper_bound":0.04415582719499928},"point_estimate":0.02463600266403328,"standard_error":0.008691978227879926},"Slope":{"confidence_interval":{"confidence_level":0.95,"lower_bound":5.517629661071621,"upper_bound":5.544687614555104},"point_estimate":5.531407694703132,"standard_error":0.006932254534485653},"StdDev":{"confidence_interval":{"confidence_level":0.95,"lower_bound":0.05443532987972608,"upper_bound":0.09191967743491918},"point_estimate":0.07281664776034696,"standard_error":0.009766364771407705}}