{"Mean":{"confidence_interval":{"confidence_level":0.95,"lower_bound":6.013854541895146,"upper_bound":6.037143346988139},"point_estimate":6.025610752446575,"standard_error":0.0059189217946523},"Median":{"confidence_interval":{"confidence_level":0.95,"lower_bound":6.028110944429403,"upper_bound":6.031653594512563},"point_estimate":6.029112497260707,"standard_error":0.0009276504802442963},"MedianAbsDev":{"confidence_interval":{"confidence_level":0.95,"lower_bound":0.0068808502770293855,"upper_bound":0.021265910462196093},"point_estimate":0.012747860250121848,"standard_error":0.0036995790788557628},"Slope":{"confidence_interval":{"confidence_level":0.95,"lower_bound":6.01382728249147,"upper_bound":6.047332730491618},"point_estimate":6.030287812209425,"standard_error":0.008522241356774188},"StdDev":{"confidence_interval":{"confidence_level":0.95,"lower_bound":0.04479276712110505,"upper_bound":0.07211818694785829},"point_estimate":0.05942117862906805,"standard_error":0.006964589418065332}}