{"Mean":{"confidence_interval":{"confidence_level":0.95,"lower_bound":6.052755215580159,"upper_bound":6.247577170487976},"point_estimate":6.134033493745173,"standard_error":0.05049037702296812},"Median":{"confidence_interval":{"confidence_level":0.95,"lower_bound":6.032078786188677,"upper_bound":6.037130482807203},"point_estimate":6.034253899177124,"standard_error":0.0014247641377839494},"MedianAbsDev":{"confidence_interval":{"confidence_level":0.95,"lower_bound":0.010257243809627324,"upper_bound":0.03194938592591129},"point_estimate":0.016213852150592012,"standard_error":0.00546847354647675},"Slope":{"confidence_interval":{"confidence_level":0.95,"lower_bound":6.0370204866313495,"upper_bound":6.122262434146396},"point_estimate":6.071587948255431,"standard_error":0.022052517685393496},"StdDev":{"confidence_interval":{"confidence_level":0.95,"lower_bound":0.15741045901506628,"upper_bound":0.8026606662365529},"point_estimate":0.507583957843076,"standard_error":0.18207101741272105}}