{"Mean":{"confidence_interval":{"confidence_level":0.95,"lower_bound":17.248319649499187,"upper_bound":17.439281737480233},"point_estimate":17.327261708128532,"standard_error":0.049621574340947994},"Median":{"confidence_interval":{"confidence_level":0.95,"lower_bound":17.15842456768038,"upper_bound":17.430415390512884},"point_estimate":17.25090197628635,"standard_error":0.07940146168952739},"MedianAbsDev":{"confidence_interval":{"confidence_level":0.95,"lower_bound":0.23058832011154926,"upper_bound":0.347247794530045},"point_estimate":0.317473236410859,"standard_error":0.028712944071609053},"Slope":{"confidence_interval":{"confidence_level":0.95,"lower_bound":17.19776007383145,"upper_bound":17.306188048897724},"point_estimate":17.24850776812549,"standard_error":0.02772007158471519},"StdDev":{"confidence_interval":{"confidence_level":0.95,"lower_bound":0.21742765325717223,"upper_bound":0.7971658072537723},"point_estimate":0.5001850144079248,"standard_error":0.19366829654114975}}