{"Mean":{"confidence_interval":{"confidence_level":0.95,"lower_bound":5.5032692557739376,"upper_bound":5.528714663787104},"point_estimate":5.516007313500307,"standard_error":0.006501453897992202},"Median":{"confidence_interval":{"confidence_level":0.95,"lower_bound":5.542549629049678,"upper_bound":5.55233118183719},"point_estimate":5.54897103129068,"standard_error":0.0033042304835474183},"MedianAbsDev":{"confidence_interval":{"confidence_level":0.95,"lower_bound":0.00952759849329273,"upper_bound":0.038097315105486695},"point_estimate":0.01645032220988832,"standard_error":0.008013516670467506},"Slope":{"confidence_interval":{"confidence_level":0.95,"lower_bound":5.503344294173188,"upper_bound":5.534043946085228},"point_estimate":5.518540100019094,"standard_error":0.007816800570552337},"StdDev":{"confidence_interval":{"confidence_level":0.95,"lower_bound":0.054929988129226025,"upper_bound":0.07706486069907593},"point_estimate":0.06526784947452045,"standard_error":0.005725959770384966}}