{"Mean":{"confidence_interval":{"confidence_level":0.95,"lower_bound":4.332132656751881,"upper_bound":4.346305869642465},"point_estimate":4.338812105387291,"standard_error":0.0036404195457274383},"Median":{"confidence_interval":{"confidence_level":0.95,"lower_bound":4.323359918108394,"upper_bound":4.325445633299859},"point_estimate":4.323906786385756,"standard_error":0.0005617034600903005},"MedianAbsDev":{"confidence_interval":{"confidence_level":0.95,"lower_bound":0.0014420883753371078,"upper_bound":0.00447129645590367},"point_estimate":0.002189289347606267,"standard_error":0.000856627311925598},"Slope":{"confidence_interval":{"confidence_level":0.95,"lower_bound":4.332195156603562,"upper_bound":4.353411277051829},"point_estimate":4.341970443442583,"standard_error":0.00543691138663096},"StdDev":{"confidence_interval":{"confidence_level":0.95,"lower_bound":0.02545733186816098,"upper_bound":0.04542410664737632},"point_estimate":0.03657042639811653,"standard_error":0.005102489744730787}}