{"Mean":{"confidence_interval":{"confidence_level":0.95,"lower_bound":5.351182062099729,"upper_bound":5.37842742221898},"point_estimate":5.36390041077189,"standard_error":0.0069593318955961945},"Median":{"confidence_interval":{"confidence_level":0.95,"lower_bound":5.351698651351285,"upper_bound":5.371774836233744},"point_estimate":5.360972284950689,"standard_error":0.005281536159284659},"MedianAbsDev":{"confidence_interval":{"confidence_level":0.95,"lower_bound":0.019616805649529574,"upper_bound":0.03439374798535753},"point_estimate":0.023752408899351946,"standard_error":0.003868438892669658},"Slope":{"confidence_interval":{"confidence_level":0.95,"lower_bound":5.315757577586426,"upper_bound":5.341826772882423},"point_estimate":5.32832513521459,"standard_error":0.006648903605534644},"StdDev":{"confidence_interval":{"confidence_level":0.95,"lower_bound":0.04194920093586785,"upper_bound":0.09636571590055118},"point_estimate":0.06979196114680872,"standard_error":0.014282086974251793}}