{"Mean":{"confidence_interval":{"confidence_level":0.95,"lower_bound":5.504171222651571,"upper_bound":5.534150495340731},"point_estimate":5.519161599125629,"standard_error":0.00763330230848617},"Median":{"confidence_interval":{"confidence_level":0.95,"lower_bound":5.541433429420635,"upper_bound":5.550244344755708},"point_estimate":5.546421417114761,"standard_error":0.0021637199886405966},"MedianAbsDev":{"confidence_interval":{"confidence_level":0.95,"lower_bound":0.012386160519189584,"upper_bound":0.030636461874785827},"point_estimate":0.01861784942131874,"standard_error":0.004907094675779435},"Slope":{"confidence_interval":{"confidence_level":0.95,"lower_bound":5.466375354388255,"upper_bound":5.504518149323163},"point_estimate":5.4848439225698415,"standard_error":0.009750784687476028},"StdDev":{"confidence_interval":{"confidence_level":0.95,"lower_bound":0.06154000266913793,"upper_bound":0.09208836038284263},"point_estimate":0.07652850883117894,"standard_error":0.007867148075465858}}