{"Mean":{"confidence_interval":{"confidence_level":0.95,"lower_bound":3.649438153143334,"upper_bound":3.6924454034789878},"point_estimate":3.6693730511535,"standard_error":0.010989890651452132},"Median":{"confidence_interval":{"confidence_level":0.95,"lower_bound":3.6345980077341684,"upper_bound":3.6400273842795228},"point_estimate":3.636048643691121,"standard_error":0.0014680702126271138},"MedianAbsDev":{"confidence_interval":{"confidence_level":0.95,"lower_bound":0.006773786298397912,"upper_bound":0.03227052466974219},"point_estimate":0.009222851659821778,"standard_error":0.00799905841133704},"Slope":{"confidence_interval":{"confidence_level":0.95,"lower_bound":3.617169380618914,"upper_bound":3.6386836001769045},"point_estimate":3.628046743046734,"standard_error":0.005495003022725116},"StdDev":{"confidence_interval":{"confidence_level":0.95,"lower_bound":0.06896275377483095,"upper_bound":0.14603105783688045},"point_estimate":0.11052817726642197,"standard_error":0.01968377228016336}}