{"Mean":{"confidence_interval":{"confidence_level":0.95,"lower_bound":4.8341200349871745,"upper_bound":4.857068777345683},"point_estimate":4.845196022359775,"standard_error":0.0058373817780610895},"Median":{"confidence_interval":{"confidence_level":0.95,"lower_bound":4.848672926210902,"upper_bound":4.853819745367982},"point_estimate":4.850464190848977,"standard_error":0.0014477963415309213},"MedianAbsDev":{"confidence_interval":{"confidence_level":0.95,"lower_bound":0.00751134455220787,"upper_bound":0.01404307160508122},"point_estimate":0.010556824656947563,"standard_error":0.001775811462479314},"Slope":{"confidence_interval":{"confidence_level":0.95,"lower_bound":4.817866812833082,"upper_bound":4.848385520751427},"point_estimate":4.833164145413639,"standard_error":0.0077696070346842646},"StdDev":{"confidence_interval":{"confidence_level":0.95,"lower_bound":0.04095581404244464,"upper_bound":0.07741667617115351},"point_estimate":0.05851102639750908,"standard_error":0.009614643936422236}}