{"Mean":{"confidence_interval":{"confidence_level":0.95,"lower_bound":11.648361671640728,"upper_bound":11.922582339096893},"point_estimate":11.781614493691158,"standard_error":0.07027217792977934},"Median":{"confidence_interval":{"confidence_level":0.95,"lower_bound":11.460047420179837,"upper_bound":11.594905570470795},"point_estimate":11.495726475125338,"standard_error":0.05187854689058973},"MedianAbsDev":{"confidence_interval":{"confidence_level":0.95,"lower_bound":0.20517381472810955,"upper_bound":0.6081061231157942},"point_estimate":0.4217108827322133,"standard_error":0.10441647004108301},"Slope":{"confidence_interval":{"confidence_level":0.95,"lower_bound":11.98051463265433,"upper_bound":12.356134235864817},"point_estimate":12.1699080268041,"standard_error":0.09594887848884907},"StdDev":{"confidence_interval":{"confidence_level":0.95,"lower_bound":0.5801594295693597,"upper_bound":0.8139594322439665},"point_estimate":0.7049698504964304,"standard_error":0.05977814381193447}}