{"Mean":{"confidence_interval":{"confidence_level":0.95,"lower_bound":5.516926455500224,"upper_bound":5.5293353148356665},"point_estimate":5.522734598899034,"standard_error":0.0031702824165829686},"Median":{"confidence_interval":{"confidence_level":0.95,"lower_bound":5.5131240483602495,"upper_bound":5.520424521976348},"point_estimate":5.516188829598274,"standard_error":0.0017691275520675697},"MedianAbsDev":{"confidence_interval":{"confidence_level":0.95,"lower_bound":0.010938812800984937,"upper_bound":0.023482193326907447},"point_estimate":0.01625020363374173,"standard_error":0.0032115281436662945},"Slope":{"confidence_interval":{"confidence_level":0.95,"lower_bound":5.513748381165875,"upper_bound":5.527333212293378},"point_estimate":5.519675464958522,"standard_error":0.003472926107676885},"StdDev":{"confidence_interval":{"confidence_level":0.95,"lower_bound":0.021151575395311092,"upper_bound":0.042300148402683604},"point_estimate":0.03182319991905053,"standard_error":0.005528165910377679}}