{"Mean":{"confidence_interval":{"confidence_level":0.95,"lower_bound":8.845282288393781,"upper_bound":8.883232497396085},"point_estimate":8.864332419387832,"standard_error":0.009666276973081013},"Median":{"confidence_interval":{"confidence_level":0.95,"lower_bound":8.883725452995035,"upper_bound":8.891204175990215},"point_estimate":8.888827134245524,"standard_error":0.0017459796105826866},"MedianAbsDev":{"confidence_interval":{"confidence_level":0.95,"lower_bound":0.014485406937998633,"upper_bound":0.04460248030846763},"point_estimate":0.02512087841212569,"standard_error":0.008731527172172309},"Slope":{"confidence_interval":{"confidence_level":0.95,"lower_bound":8.823571965155494,"upper_bound":8.868165599971123},"point_estimate":8.846616538385675,"standard_error":0.011369431800653033},"StdDev":{"confidence_interval":{"confidence_level":0.95,"lower_bound":0.07916369295791012,"upper_bound":0.11272611096560615},"point_estimate":0.09694002368317704,"standard_error":0.008554401597569322}}