{"Mean":{"confidence_interval":{"confidence_level":0.95,"lower_bound":4.330820942813493,"upper_bound":4.368544629290684},"point_estimate":4.346035667358773,"standard_error":0.009901146436405798},"Median":{"confidence_interval":{"confidence_level":0.95,"lower_bound":4.332926848321067,"upper_bound":4.335929302070223},"point_estimate":4.33388825835903,"standard_error":0.0008162022341228547},"MedianAbsDev":{"confidence_interval":{"confidence_level":0.95,"lower_bound":0.005172129237203014,"upper_bound":0.0111512593964075},"point_estimate":0.008745084460243142,"standard_error":0.001475973189212652},"Slope":{"confidence_interval":{"confidence_level":0.95,"lower_bound":4.311513427068125,"upper_bound":4.332208178524949},"point_estimate":4.321957190614687,"standard_error":0.005280207788879744},"StdDev":{"confidence_interval":{"confidence_level":0.95,"lower_bound":0.033580652435887405,"upper_bound":0.1612687753185954},"point_estimate":0.09938786048291232,"standard_error":0.04138278889484354}}