{"Mean":{"confidence_interval":{"confidence_level":0.95,"lower_bound":6.638655493263923,"upper_bound":6.6868446661404235},"point_estimate":6.662490675351444,"standard_error":0.012277427414680395},"Median":{"confidence_interval":{"confidence_level":0.95,"lower_bound":6.603017853074893,"upper_bound":6.675927146526345},"point_estimate":6.639828257337436,"standard_error":0.015292404256760163},"MedianAbsDev":{"confidence_interval":{"confidence_level":0.95,"lower_bound":0.09095702054834674,"upper_bound":0.15597913194711918},"point_estimate":0.13448476543681376,"standard_error":0.017877865772402846},"Slope":{"confidence_interval":{"confidence_level":0.95,"lower_bound":6.6080065707604,"upper_bound":6.65450811480081},"point_estimate":6.6307529003531265,"standard_error":0.011825736843835893},"StdDev":{"confidence_interval":{"confidence_level":0.95,"lower_bound":0.10629877956842482,"upper_bound":0.13838371098656885},"point_estimate":0.12331888930445468,"standard_error":0.008184105475933682}}