{"Mean":{"confidence_interval":{"confidence_level":0.95,"lower_bound":4.342713362567887,"upper_bound":4.3706596957872925},"point_estimate":4.356537078021948,"standard_error":0.007117989831162438},"Median":{"confidence_interval":{"confidence_level":0.95,"lower_bound":4.329147235446934,"upper_bound":4.332644035866254},"point_estimate":4.330177229966646,"standard_error":0.0009410744044706044},"MedianAbsDev":{"confidence_interval":{"confidence_level":0.95,"lower_bound":0.006041637044299198,"upper_bound":0.02826439694877817},"point_estimate":0.009667981547065342,"standard_error":0.00672085119900526},"Slope":{"confidence_interval":{"confidence_level":0.95,"lower_bound":4.3020834604345515,"upper_bound":4.339641017786126},"point_estimate":4.32048686028974,"standard_error":0.00958388714302316},"StdDev":{"confidence_interval":{"confidence_level":0.95,"lower_bound":0.06047918895527652,"upper_bound":0.0812899081819199},"point_estimate":0.07158544085772554,"standard_error":0.00528311545627799}}