{"Mean":{"confidence_interval":{"confidence_level":0.95,"lower_bound":13.573858192196411,"upper_bound":13.657908764678744},"point_estimate":13.614601072490323,"standard_error":0.021334526594503626},"Median":{"confidence_interval":{"confidence_level":0.95,"lower_bound":13.66860515839102,"upper_bound":13.677663888054653},"point_estimate":13.672889860632361,"standard_error":0.0025232237848507913},"MedianAbsDev":{"confidence_interval":{"confidence_level":0.95,"lower_bound":0.02338544090513095,"upper_bound":0.09856000608242456},"point_estimate":0.04252280783692725,"standard_error":0.018457986337003438},"Slope":{"confidence_interval":{"confidence_level":0.95,"lower_bound":13.475004963279819,"upper_bound":13.576747112977248},"point_estimate":13.525794660793482,"standard_error":0.026021090948600823},"StdDev":{"confidence_interval":{"confidence_level":0.95,"lower_bound":0.15362794565260862,"upper_bound":0.27530507265410536},"point_estimate":0.21421869069519375,"standard_error":0.03156014150075909}}