{"Mean":{"confidence_interval":{"confidence_level":0.95,"lower_bound":8.799919045784025,"upper_bound":8.843453121313045},"point_estimate":8.821942830247787,"standard_error":0.011106179166924435},"Median":{"confidence_interval":{"confidence_level":0.95,"lower_bound":8.886857389439145,"upper_bound":8.896765286863971},"point_estimate":8.8932281041055,"standard_error":0.005609759711443358},"MedianAbsDev":{"confidence_interval":{"confidence_level":0.95,"lower_bound":0.014284613146371744,"upper_bound":0.04593825076298872},"point_estimate":0.021527604936572294,"standard_error":0.010250066188769806},"Slope":{"confidence_interval":{"confidence_level":0.95,"lower_bound":8.785085260852295,"upper_bound":8.84192996717064},"point_estimate":8.813539719853418,"standard_error":0.01452665401090655},"StdDev":{"confidence_interval":{"confidence_level":0.95,"lower_bound":0.10049858430405882,"upper_bound":0.12049269084117224},"point_estimate":0.11183436670607595,"standard_error":0.005046717795278741}}