{"Mean":{"confidence_interval":{"confidence_level":0.95,"lower_bound":7.626812669892558,"upper_bound":7.684939295339068},"point_estimate":7.655886092274758,"standard_error":0.014827016263684878},"Median":{"confidence_interval":{"confidence_level":0.95,"lower_bound":7.626528341352043,"upper_bound":7.632506439529955},"point_estimate":7.629367431471706,"standard_error":0.002962267713242306},"MedianAbsDev":{"confidence_interval":{"confidence_level":0.95,"lower_bound":0.014549396647283006,"upper_bound":0.24470687635905472},"point_estimate":0.05598340418816022,"standard_error":0.05405213190318783},"Slope":{"confidence_interval":{"confidence_level":0.95,"lower_bound":7.523192718949778,"upper_bound":7.606438309867472},"point_estimate":7.562926210154257,"standard_error":0.021283347587808057},"StdDev":{"confidence_interval":{"confidence_level":0.95,"lower_bound":0.12600764602616965,"upper_bound":0.17061446067421585},"point_estimate":0.14930727310536987,"standard_error":0.011430164384839302}}