{"Mean":{"confidence_interval":{"confidence_level":0.95,"lower_bound":5.46092866656273,"upper_bound":5.51035029282818},"point_estimate":5.4852343880571945,"standard_error":0.012626749753357184},"Median":{"confidence_interval":{"confidence_level":0.95,"lower_bound":5.391670550413508,"upper_bound":5.5002181117880165},"point_estimate":5.4236611549115885,"standard_error":0.03615710369869314},"MedianAbsDev":{"confidence_interval":{"confidence_level":0.95,"lower_bound":0.05423609694153942,"upper_bound":0.1984596914184925},"point_estimate":0.104726808519266,"standard_error":0.04304790118565762},"Slope":{"confidence_interval":{"confidence_level":0.95,"lower_bound":5.3868633762514335,"upper_bound":5.4081217313852985},"point_estimate":5.3961439155811,"standard_error":0.0054399291519601255},"StdDev":{"confidence_interval":{"confidence_level":0.95,"lower_bound":0.11535901797136737,"upper_bound":0.1367328848068938},"point_estimate":0.12741186944391425,"standard_error":0.005452818449757092}}