{"Mean":{"confidence_interval":{"confidence_level":0.95,"lower_bound":5.529137402365221,"upper_bound":5.551968562611505},"point_estimate":5.539591208890439,"standard_error":0.005849784776503747},"Median":{"confidence_interval":{"confidence_level":0.95,"lower_bound":5.530624898150411,"upper_bound":5.532453322371723},"point_estimate":5.531342071640942,"standard_error":0.0004307033037488769},"MedianAbsDev":{"confidence_interval":{"confidence_level":0.95,"lower_bound":0.003136849513834795,"upper_bound":0.007983994643360144},"point_estimate":0.005421248528784262,"standard_error":0.0012928064863705724},"Slope":{"confidence_interval":{"confidence_level":0.95,"lower_bound":5.507809182588072,"upper_bound":5.530653079623631},"point_estimate":5.520154402935545,"standard_error":0.005872759530753537},"StdDev":{"confidence_interval":{"confidence_level":0.95,"lower_bound":0.031996417771872204,"upper_bound":0.08454921099546038},"point_estimate":0.05838049013669334,"standard_error":0.01411063122758477}}