{"Mean":{"confidence_interval":{"confidence_level":0.95,"lower_bound":6.001800159499526,"upper_bound":6.036693645411195},"point_estimate":6.0175711169196555,"standard_error":0.008896791690254716},"Median":{"confidence_interval":{"confidence_level":0.95,"lower_bound":6.029909274483186,"upper_bound":6.0338646118320325},"point_estimate":6.031226239760581,"standard_error":0.0009795637729518671},"MedianAbsDev":{"confidence_interval":{"confidence_level":0.95,"lower_bound":0.008210643318251805,"upper_bound":0.025658092357538832},"point_estimate":0.016065876724992767,"standard_error":0.004409296671804614},"Slope":{"confidence_interval":{"confidence_level":0.95,"lower_bound":5.983589155757345,"upper_bound":6.016570708308296},"point_estimate":6.000543438448458,"standard_error":0.00843134242134917},"StdDev":{"confidence_interval":{"confidence_level":0.95,"lower_bound":0.051784811740921435,"upper_bound":0.13220641734494035},"point_estimate":0.08920275294822465,"standard_error":0.024322060484895897}}