{"Mean":{"confidence_interval":{"confidence_level":0.95,"lower_bound":16.965317967219377,"upper_bound":17.452660245527582},"point_estimate":17.188420381203997,"standard_error":0.12506106101753273},"Median":{"confidence_interval":{"confidence_level":0.95,"lower_bound":16.77792423009027,"upper_bound":16.813820552375923},"point_estimate":16.796771192799973,"standard_error":0.008853100028183557},"MedianAbsDev":{"confidence_interval":{"confidence_level":0.95,"lower_bound":0.06673146283441779,"upper_bound":0.13497923689971317},"point_estimate":0.08896885957516087,"standard_error":0.017161226202023008},"Slope":{"confidence_interval":{"confidence_level":0.95,"lower_bound":16.773559345574373,"upper_bound":16.820280323263372},"point_estimate":16.795501903307734,"standard_error":0.01191347844574419},"StdDev":{"confidence_interval":{"confidence_level":0.95,"lower_bound":0.7435642343253474,"upper_bound":1.647151213671363},"point_estimate":1.256169866812188,"standard_error":0.230643968139687}}