{"Mean":{"confidence_interval":{"confidence_level":0.95,"lower_bound":6.543053182843666,"upper_bound":6.583684239332593},"point_estimate":6.563834203208955,"standard_error":0.010377687450721278},"Median":{"confidence_interval":{"confidence_level":0.95,"lower_bound":6.604639332519173,"upper_bound":6.607116629640896},"point_estimate":6.605724970910011,"standard_error":0.0006489444982990732},"MedianAbsDev":{"confidence_interval":{"confidence_level":0.95,"lower_bound":0.009612435369997476,"upper_bound":0.02650093985582277},"point_estimate":0.01413556323897277,"standard_error":0.004985453932496457},"Slope":{"confidence_interval":{"confidence_level":0.95,"lower_bound":6.467539749759617,"upper_bound":6.524734577460609},"point_estimate":6.494906543273274,"standard_error":0.014614824657185355},"StdDev":{"confidence_interval":{"confidence_level":0.95,"lower_bound":0.08660765505950259,"upper_bound":0.11954991940521457},"point_estimate":0.10465579094347417,"standard_error":0.00839916890135197}}