{"Mean":{"confidence_interval":{"confidence_level":0.95,"lower_bound":4.646988964650378,"upper_bound":4.676514525330917},"point_estimate":4.661098443488262,"standard_error":0.007526093948470968},"Median":{"confidence_interval":{"confidence_level":0.95,"lower_bound":4.634105511301058,"upper_bound":4.646507561419375},"point_estimate":4.63962960970874,"standard_error":0.0034054397130657507},"MedianAbsDev":{"confidence_interval":{"confidence_level":0.95,"lower_bound":0.026956263091876875,"upper_bound":0.06389634000172041},"point_estimate":0.04287169737730515,"standard_error":0.010539811813920443},"Slope":{"confidence_interval":{"confidence_level":0.95,"lower_bound":4.629931593460182,"upper_bound":4.662216570151068},"point_estimate":4.64582228525288,"standard_error":0.008257724031465132},"StdDev":{"confidence_interval":{"confidence_level":0.95,"lower_bound":0.05549494854274178,"upper_bound":0.09972053870891391},"point_estimate":0.07557119111125818,"standard_error":0.012325555888826905}}