{"Mean":{"confidence_interval":{"confidence_level":0.95,"lower_bound":3.2632662091994105,"upper_bound":3.2771972487663956},"point_estimate":3.2698465812216124,"standard_error":0.00355578148005451},"Median":{"confidence_interval":{"confidence_level":0.95,"lower_bound":3.2606245863353522,"upper_bound":3.2691031177091396},"point_estimate":3.264601102602089,"standard_error":0.0022389901296301063},"MedianAbsDev":{"confidence_interval":{"confidence_level":0.95,"lower_bound":0.009794299351213202,"upper_bound":0.01666426858791186},"point_estimate":0.011913180737996297,"standard_error":0.0018394465000135052},"Slope":{"confidence_interval":{"confidence_level":0.95,"lower_bound":3.252613320558144,"upper_bound":3.266458801478382},"point_estimate":3.259738530902452,"standard_error":0.003532892493402981},"StdDev":{"confidence_interval":{"confidence_level":0.95,"lower_bound":0.023843651030013145,"upper_bound":0.04741752248669264},"point_estimate":0.0357327920314567,"standard_error":0.006132145797205353}}