{"Mean":{"confidence_interval":{"confidence_level":0.95,"lower_bound":5.640357224800885,"upper_bound":5.670654014197188},"point_estimate":5.653914562112362,"standard_error":0.007767098513039878},"Median":{"confidence_interval":{"confidence_level":0.95,"lower_bound":5.626726794460546,"upper_bound":5.63645529895664},"point_estimate":5.633687273359284,"standard_error":0.0028808784896033166},"MedianAbsDev":{"confidence_interval":{"confidence_level":0.95,"lower_bound":0.01660652288453816,"upper_bound":0.0283217647523982},"point_estimate":0.022962318717391746,"standard_error":0.0031229680382374113},"Slope":{"confidence_interval":{"confidence_level":0.95,"lower_bound":5.623015012384961,"upper_bound":5.645790286926643},"point_estimate":5.632079013297048,"standard_error":0.005923384241452159},"StdDev":{"confidence_interval":{"confidence_level":0.95,"lower_bound":0.04511909631551026,"upper_bound":0.11364515244931844},"point_estimate":0.07853610220220428,"standard_error":0.019699081972890695}}