{"Mean":{"confidence_interval":{"confidence_level":0.95,"lower_bound":11.236561487053928,"upper_bound":11.307723368568842},"point_estimate":11.271217431198524,"standard_error":0.018134708454685282},"Median":{"confidence_interval":{"confidence_level":0.95,"lower_bound":11.13427500454766,"upper_bound":11.298593814144873},"point_estimate":11.163027775642306,"standard_error":0.045017732197482827},"MedianAbsDev":{"confidence_interval":{"confidence_level":0.95,"lower_bound":0.03735665602977277,"upper_bound":0.23170811864174998},"point_estimate":0.08377993392535403,"standard_error":0.05655684906182649},"Slope":{"confidence_interval":{"confidence_level":0.95,"lower_bound":11.20208717648654,"upper_bound":11.272558019352367},"point_estimate":11.236454408706907,"standard_error":0.01798177267559905},"StdDev":{"confidence_interval":{"confidence_level":0.95,"lower_bound":0.15209958682855312,"upper_bound":0.21237250236336463},"point_estimate":0.18190113027945118,"standard_error":0.01555610666225588}}