{"Mean":{"confidence_interval":{"confidence_level":0.95,"lower_bound":5.518432521562098,"upper_bound":5.547963017094585},"point_estimate":5.533535584145666,"standard_error":0.007525710732772651},"Median":{"confidence_interval":{"confidence_level":0.95,"lower_bound":5.559506453601439,"upper_bound":5.563077274510507},"point_estimate":5.561639463918326,"standard_error":0.0010601966411065138},"MedianAbsDev":{"confidence_interval":{"confidence_level":0.95,"lower_bound":0.005167142512537427,"upper_bound":0.025345744863547414},"point_estimate":0.011422989012951459,"standard_error":0.005532469607723231},"Slope":{"confidence_interval":{"confidence_level":0.95,"lower_bound":5.470110076278381,"upper_bound":5.521444006811268},"point_estimate":5.49475650620547,"standard_error":0.01308351070207434},"StdDev":{"confidence_interval":{"confidence_level":0.95,"lower_bound":0.06113749919829565,"upper_bound":0.08843887505950633},"point_estimate":0.07570913110937623,"standard_error":0.006991639131845697}}