{"Mean":{"confidence_interval":{"confidence_level":0.95,"lower_bound":5.462756543083181,"upper_bound":5.479665737728873},"point_estimate":5.469712531178707,"standard_error":0.00437761948287245},"Median":{"confidence_interval":{"confidence_level":0.95,"lower_bound":5.460538390440351,"upper_bound":5.465606890529491},"point_estimate":5.462885059178179,"standard_error":0.001182598440878218},"MedianAbsDev":{"confidence_interval":{"confidence_level":0.95,"lower_bound":0.007846987655688788,"upper_bound":0.017436355986760143},"point_estimate":0.01163483789973589,"standard_error":0.0023111098818252456},"Slope":{"confidence_interval":{"confidence_level":0.95,"lower_bound":5.461719371705244,"upper_bound":5.469465639679017},"point_estimate":5.465507277953893,"standard_error":0.0019736020984063574},"StdDev":{"confidence_interval":{"confidence_level":0.95,"lower_bound":0.016414793068637655,"upper_bound":0.07060633287349963},"point_estimate":0.04415515687753577,"standard_error":0.01693492279839701}}