{"Mean":{"confidence_interval":{"confidence_level":0.95,"lower_bound":4.948920188575323,"upper_bound":4.96260426472405},"point_estimate":4.955634977028129,"standard_error":0.0034714971043439025},"Median":{"confidence_interval":{"confidence_level":0.95,"lower_bound":4.947317718913705,"upper_bound":4.954562723302935},"point_estimate":4.950674840057431,"standard_error":0.002220346561585905},"MedianAbsDev":{"confidence_interval":{"confidence_level":0.95,"lower_bound":0.013778434230527088,"upper_bound":0.02939083032981701},"point_estimate":0.022917889381975958,"standard_error":0.004303985322669768},"Slope":{"confidence_interval":{"confidence_level":0.95,"lower_bound":4.951947244702249,"upper_bound":4.96325324500804},"point_estimate":4.957543356663433,"standard_error":0.0028797528740404812},"StdDev":{"confidence_interval":{"confidence_level":0.95,"lower_bound":0.025547639632637138,"upper_bound":0.04330335799279205},"point_estimate":0.034881589187786805,"standard_error":0.004534985989422}}