{"Mean":{"confidence_interval":{"confidence_level":0.95,"lower_bound":6.8053051801783955,"upper_bound":6.837578734357338},"point_estimate":6.820789811252724,"standard_error":0.008251331834157015},"Median":{"confidence_interval":{"confidence_level":0.95,"lower_bound":6.84070983937889,"upper_bound":6.845641590420751},"point_estimate":6.8428002278080164,"standard_error":0.0014167601587502274},"MedianAbsDev":{"confidence_interval":{"confidence_level":0.95,"lower_bound":0.007132671552074221,"upper_bound":0.031978766232862034},"point_estimate":0.01196854319156916,"standard_error":0.005626769496712685},"Slope":{"confidence_interval":{"confidence_level":0.95,"lower_bound":6.7817863194979715,"upper_bound":6.816739934019214},"point_estimate":6.799535359477788,"standard_error":0.008914583284173114},"StdDev":{"confidence_interval":{"confidence_level":0.95,"lower_bound":0.060139378650243526,"upper_bound":0.11015304377197747},"point_estimate":0.08306981650346469,"standard_error":0.01361267790902451}}