{"Mean":{"confidence_interval":{"confidence_level":0.95,"lower_bound":7.6741312319999295,"upper_bound":7.705780255908604},"point_estimate":7.687802981442986,"standard_error":0.008184498067899504},"Median":{"confidence_interval":{"confidence_level":0.95,"lower_bound":7.668131943826012,"upper_bound":7.669928135161112},"point_estimate":7.6689917143897315,"standard_error":0.0004422948065682075},"MedianAbsDev":{"confidence_interval":{"confidence_level":0.95,"lower_bound":0.0025365101852416524,"upper_bound":0.005588027405355769},"point_estimate":0.004001474506011767,"standard_error":0.0007691600076563665},"Slope":{"confidence_interval":{"confidence_level":0.95,"lower_bound":7.67120310851063,"upper_bound":7.709272668152631},"point_estimate":7.688251328598734,"standard_error":0.00975691472152209},"StdDev":{"confidence_interval":{"confidence_level":0.95,"lower_bound":0.03074525296886409,"upper_bound":0.12691261451000255},"point_estimate":0.08258198463869598,"standard_error":0.02590410732013671}}