{"Mean":{"confidence_interval":{"confidence_level":0.95,"lower_bound":12.741302992419827,"upper_bound":12.787468678693918},"point_estimate":12.764732865073393,"standard_error":0.011753382884296813},"Median":{"confidence_interval":{"confidence_level":0.95,"lower_bound":12.77651597874354,"upper_bound":12.798964995476242},"point_estimate":12.786328072867377,"standard_error":0.006040683846652447},"MedianAbsDev":{"confidence_interval":{"confidence_level":0.95,"lower_bound":0.022416273721049977,"upper_bound":0.04401401803737613},"point_estimate":0.02605851705051807,"standard_error":0.005767382353670047},"Slope":{"confidence_interval":{"confidence_level":0.95,"lower_bound":12.678144387544492,"upper_bound":12.749150288984564},"point_estimate":12.714114097774443,"standard_error":0.018164802717063742},"StdDev":{"confidence_interval":{"confidence_level":0.95,"lower_bound":0.09047515428117511,"upper_bound":0.14197329127014213},"point_estimate":0.11775040017041123,"standard_error":0.013094053716462911}}