{"Mean":{"confidence_interval":{"confidence_level":0.95,"lower_bound":16.52721761486542,"upper_bound":16.613369770487783},"point_estimate":16.56713059779923,"standard_error":0.022064907853326633},"Median":{"confidence_interval":{"confidence_level":0.95,"lower_bound":16.522596252701746,"upper_bound":16.556855295884507},"point_estimate":16.540471707188644,"standard_error":0.00865836123598693},"MedianAbsDev":{"confidence_interval":{"confidence_level":0.95,"lower_bound":0.05748452254290402,"upper_bound":0.09648834765433467},"point_estimate":0.08436742089778874,"standard_error":0.009660605152373268},"Slope":{"confidence_interval":{"confidence_level":0.95,"lower_bound":16.45056403088139,"upper_bound":16.519009446065603},"point_estimate":16.483976699934363,"standard_error":0.01745059015389056},"StdDev":{"confidence_interval":{"confidence_level":0.95,"lower_bound":0.12983926571268745,"upper_bound":0.29793673678111304},"point_estimate":0.22239177968502022,"standard_error":0.04272829865862671}}