{"Mean":{"confidence_interval":{"confidence_level":0.95,"lower_bound":5.418232053904281,"upper_bound":5.443233359891266},"point_estimate":5.430260528907881,"standard_error":0.006369050009958934},"Median":{"confidence_interval":{"confidence_level":0.95,"lower_bound":5.412219702551975,"upper_bound":5.421135841455925},"point_estimate":5.416162323008756,"standard_error":0.002166771830094567},"MedianAbsDev":{"confidence_interval":{"confidence_level":0.95,"lower_bound":0.022569860891529257,"upper_bound":0.03959883650789881},"point_estimate":0.030839380566435537,"standard_error":0.0045101955122721984},"Slope":{"confidence_interval":{"confidence_level":0.95,"lower_bound":5.4111517526713655,"upper_bound":5.435068607895501},"point_estimate":5.422667929245058,"standard_error":0.00609559946115263},"StdDev":{"confidence_interval":{"confidence_level":0.95,"lower_bound":0.04827766220990453,"upper_bound":0.07816831665025273},"point_estimate":0.06413532303438786,"standard_error":0.007677216431436248}}