{"Mean":{"confidence_interval":{"confidence_level":0.95,"lower_bound":5.530589780660723,"upper_bound":5.53927902469647},"point_estimate":5.534697874311194,"standard_error":0.002222369446296094},"Median":{"confidence_interval":{"confidence_level":0.95,"lower_bound":5.528122246164955,"upper_bound":5.5357783677919015},"point_estimate":5.530148651057208,"standard_error":0.002315468639538783},"MedianAbsDev":{"confidence_interval":{"confidence_level":0.95,"lower_bound":0.011499355594836924,"upper_bound":0.02090253103521031},"point_estimate":0.01586504202860831,"standard_error":0.002392813123853415},"Slope":{"confidence_interval":{"confidence_level":0.95,"lower_bound":5.531967257047687,"upper_bound":5.53877251230605},"point_estimate":5.535324374394281,"standard_error":0.0017346863200260786},"StdDev":{"confidence_interval":{"confidence_level":0.95,"lower_bound":0.01508373838120648,"upper_bound":0.029197390262275972},"point_estimate":0.022376931795690932,"standard_error":0.0036430106107412114}}