{"Mean":{"confidence_interval":{"confidence_level":0.95,"lower_bound":5.556305709327248,"upper_bound":5.589080758923581},"point_estimate":5.572566528317879,"standard_error":0.00836057647904385},"Median":{"confidence_interval":{"confidence_level":0.95,"lower_bound":5.521574783796266,"upper_bound":5.541670339301808},"point_estimate":5.524986804580619,"standard_error":0.005892785785848322},"MedianAbsDev":{"confidence_interval":{"confidence_level":0.95,"lower_bound":0.008991034894723098,"upper_bound":0.04105240931903886},"point_estimate":0.018080630837317497,"standard_error":0.013287178647319408},"Slope":{"confidence_interval":{"confidence_level":0.95,"lower_bound":5.532575511621198,"upper_bound":5.578878946656059},"point_estimate":5.555238758845674,"standard_error":0.011789005778278239},"StdDev":{"confidence_interval":{"confidence_level":0.95,"lower_bound":0.0736777567492883,"upper_bound":0.09347566874364036},"point_estimate":0.08415661793639048,"standard_error":0.005028548078303788}}