{"Mean":{"confidence_interval":{"confidence_level":0.95,"lower_bound":17.291830358350524,"upper_bound":17.34686382664285},"point_estimate":17.318332252166098,"standard_error":0.014093782667617176},"Median":{"confidence_interval":{"confidence_level":0.95,"lower_bound":17.267991101525393,"upper_bound":17.295698050487314},"point_estimate":17.276167329165823,"standard_error":0.007361413350089155},"MedianAbsDev":{"confidence_interval":{"confidence_level":0.95,"lower_bound":0.04911123457617812,"upper_bound":0.10407943274187614},"point_estimate":0.0756633672100227,"standard_error":0.014178534877815266},"Slope":{"confidence_interval":{"confidence_level":0.95,"lower_bound":17.278084306184503,"upper_bound":17.342642101389533},"point_estimate":17.307877325513886,"standard_error":0.0164679636049069},"StdDev":{"confidence_interval":{"confidence_level":0.95,"lower_bound":0.11334786042172199,"upper_bound":0.16422546381291275},"point_estimate":0.1412176549876649,"standard_error":0.013005818699032981}}