{"Mean":{"confidence_interval":{"confidence_level":0.95,"lower_bound":9.106782210282214,"upper_bound":9.1629718026277},"point_estimate":9.135394599798994,"standard_error":0.014333833550353725},"Median":{"confidence_interval":{"confidence_level":0.95,"lower_bound":9.190102356479255,"upper_bound":9.222153470738006},"point_estimate":9.217514359041271,"standard_error":0.010449052454783},"MedianAbsDev":{"confidence_interval":{"confidence_level":0.95,"lower_bound":0.03384804268047903,"upper_bound":0.10547136414344528},"point_estimate":0.04353882664369301,"standard_error":0.01960183656035123},"Slope":{"confidence_interval":{"confidence_level":0.95,"lower_bound":9.000612932082152,"upper_bound":9.084824161656773},"point_estimate":9.039944906129177,"standard_error":0.021511513568658307},"StdDev":{"confidence_interval":{"confidence_level":0.95,"lower_bound":0.12485211668113731,"upper_bound":0.16153123127105734},"point_estimate":0.14453146191760335,"standard_error":0.00933127656061307}}