{"Mean":{"confidence_interval":{"confidence_level":0.95,"lower_bound":9.240961360537609,"upper_bound":9.291028107978532},"point_estimate":9.264726510462397,"standard_error":0.012793111205671564},"Median":{"confidence_interval":{"confidence_level":0.95,"lower_bound":9.252407955528735,"upper_bound":9.257344559709571},"point_estimate":9.254876189199013,"standard_error":0.00119660693515283},"MedianAbsDev":{"confidence_interval":{"confidence_level":0.95,"lower_bound":0.006414025354045323,"upper_bound":0.012516207197803643},"point_estimate":0.008152954514958052,"standard_error":0.001601502082389754},"Slope":{"confidence_interval":{"confidence_level":0.95,"lower_bound":9.213893578780867,"upper_bound":9.286276916980496},"point_estimate":9.248366382022294,"standard_error":0.018426280928855714},"StdDev":{"confidence_interval":{"confidence_level":0.95,"lower_bound":0.08534883031729862,"upper_bound":0.16628606204958798},"point_estimate":0.12863822302177932,"standard_error":0.02078590685472008}}