{"Mean":{"confidence_interval":{"confidence_level":0.95,"lower_bound":5.002210367872182,"upper_bound":5.0322113882902775},"point_estimate":5.01718071863023,"standard_error":0.007662059929251091},"Median":{"confidence_interval":{"confidence_level":0.95,"lower_bound":5.0133312341647756,"upper_bound":5.027402297412152},"point_estimate":5.017741082872543,"standard_error":0.0032598674366752446},"MedianAbsDev":{"confidence_interval":{"confidence_level":0.95,"lower_bound":0.0254356292843185,"upper_bound":0.084886815167955},"point_estimate":0.058773801287972424,"standard_error":0.014879021712521931},"Slope":{"confidence_interval":{"confidence_level":0.95,"lower_bound":4.988156108325266,"upper_bound":5.024701263319432},"point_estimate":5.0068355093347305,"standard_error":0.00926777432538023},"StdDev":{"confidence_interval":{"confidence_level":0.95,"lower_bound":0.0651185085764333,"upper_bound":0.0883212913478708},"point_estimate":0.07717996618783393,"standard_error":0.005928386918668896}}