{"Mean":{"confidence_interval":{"confidence_level":0.95,"lower_bound":8.129989199878723,"upper_bound":8.323890576328974},"point_estimate":8.22003302582254,"standard_error":0.04979310141419513},"Median":{"confidence_interval":{"confidence_level":0.95,"lower_bound":8.02033096603946,"upper_bound":8.026003862910668},"point_estimate":8.022518374482425,"standard_error":0.0016978105764182503},"MedianAbsDev":{"confidence_interval":{"confidence_level":0.95,"lower_bound":0.004579963325251714,"upper_bound":0.013251621597946352},"point_estimate":0.0072228673581236314,"standard_error":0.002415190749363646},"Slope":{"confidence_interval":{"confidence_level":0.95,"lower_bound":8.289279704249658,"upper_bound":8.6884535080808},"point_estimate":8.484059238490012,"standard_error":0.10197539559294039},"StdDev":{"confidence_interval":{"confidence_level":0.95,"lower_bound":0.31914440408674616,"upper_bound":0.6582464100764466},"point_estimate":0.5003781987224486,"standard_error":0.08689556914638508}}