{"Mean":{"confidence_interval":{"confidence_level":0.95,"lower_bound":5.506332021833606,"upper_bound":5.530497169669932},"point_estimate":5.518823020346097,"standard_error":0.006179887706362042},"Median":{"confidence_interval":{"confidence_level":0.95,"lower_bound":5.540788893890845,"upper_bound":5.547483255469165},"point_estimate":5.545787711602198,"standard_error":0.0016677333236824745},"MedianAbsDev":{"confidence_interval":{"confidence_level":0.95,"lower_bound":0.008436481525345358,"upper_bound":0.02066304434623663},"point_estimate":0.012386362970593128,"standard_error":0.003157172571138281},"Slope":{"confidence_interval":{"confidence_level":0.95,"lower_bound":5.463930565575725,"upper_bound":5.508072081529651},"point_estimate":5.4856948812306054,"standard_error":0.011278842515523052},"StdDev":{"confidence_interval":{"confidence_level":0.95,"lower_bound":0.04936456893937675,"upper_bound":0.07256276295930698},"point_estimate":0.06198878932538493,"standard_error":0.005900224482850203}}