{"Mean":{"confidence_interval":{"confidence_level":0.95,"lower_bound":3.6464180713324006,"upper_bound":3.7058356040670133},"point_estimate":3.671257512768037,"standard_error":0.015618554818503577},"Median":{"confidence_interval":{"confidence_level":0.95,"lower_bound":3.6377663132365092,"upper_bound":3.640706017867956},"point_estimate":3.6387731171149333,"standard_error":0.0007497806476582259},"MedianAbsDev":{"confidence_interval":{"confidence_level":0.95,"lower_bound":0.004309754626458269,"upper_bound":0.009158070862470937},"point_estimate":0.0066755638473321435,"standard_error":0.0011473421901840146},"Slope":{"confidence_interval":{"confidence_level":0.95,"lower_bound":3.6369634363640646,"upper_bound":3.7008022372915765},"point_estimate":3.6631740310888774,"standard_error":0.01666835799631682},"StdDev":{"confidence_interval":{"confidence_level":0.95,"lower_bound":0.03195008796736239,"upper_bound":0.24226797522941443},"point_estimate":0.15678371502884275,"standard_error":0.057295084854195086}}