{"Mean":{"confidence_interval":{"confidence_level":0.95,"lower_bound":2.7804967347958662,"upper_bound":2.793558286881031},"point_estimate":2.7865119711792294,"standard_error":0.0033314977556480924},"Median":{"confidence_interval":{"confidence_level":0.95,"lower_bound":2.78715273067261,"upper_bound":2.7880312400231375},"point_estimate":2.7874224216812666,"standard_error":0.00020825888115224696},"MedianAbsDev":{"confidence_interval":{"confidence_level":0.95,"lower_bound":0.0018917778436896556,"upper_bound":0.004551708069262519},"point_estimate":0.002887741519937726,"standard_error":0.0007026538572843275},"Slope":{"confidence_interval":{"confidence_level":0.95,"lower_bound":2.7687094148681246,"upper_bound":2.7826205103086297},"point_estimate":2.7757473525981413,"standard_error":0.0035499656124944445},"StdDev":{"confidence_interval":{"confidence_level":0.95,"lower_bound":0.018884400326886222,"upper_bound":0.048760302911343756},"point_estimate":0.0335602048998773,"standard_error":0.00825943229206443}}