{"Mean":{"confidence_interval":{"confidence_level":0.95,"lower_bound":17.36594140198507,"upper_bound":17.50086697004749},"point_estimate":17.42664298813737,"standard_error":0.03463525929128727},"Median":{"confidence_interval":{"confidence_level":0.95,"lower_bound":17.33364226235316,"upper_bound":17.47193872893579},"point_estimate":17.435650954342876,"standard_error":0.03488508397256871},"MedianAbsDev":{"confidence_interval":{"confidence_level":0.95,"lower_bound":0.1784849093170239,"upper_bound":0.30203513234841606},"point_estimate":0.2559883799754712,"standard_error":0.0322730256013435},"Slope":{"confidence_interval":{"confidence_level":0.95,"lower_bound":17.317961576362464,"upper_bound":17.53184421027807},"point_estimate":17.411154465912052,"standard_error":0.055100865070192205},"StdDev":{"confidence_interval":{"confidence_level":0.95,"lower_bound":0.2062239567683353,"upper_bound":0.5088470637212843},"point_estimate":0.3463437181102936,"standard_error":0.09346180257080351}}