{"Mean":{"confidence_interval":{"confidence_level":0.95,"lower_bound":5.130775692767162,"upper_bound":5.155576695142769},"point_estimate":5.14323941739582,"standard_error":0.00633412517847193},"Median":{"confidence_interval":{"confidence_level":0.95,"lower_bound":5.154775113955419,"upper_bound":5.156451694772032},"point_estimate":5.155217291922164,"standard_error":0.0004981015987387974},"MedianAbsDev":{"confidence_interval":{"confidence_level":0.95,"lower_bound":0.0024481860901688214,"upper_bound":0.00994780995594047},"point_estimate":0.004191276149212594,"standard_error":0.001999817317173201},"Slope":{"confidence_interval":{"confidence_level":0.95,"lower_bound":5.157017107675695,"upper_bound":5.166661185101992},"point_estimate":5.161190481940613,"standard_error":0.0024778433077187792},"StdDev":{"confidence_interval":{"confidence_level":0.95,"lower_bound":0.05035432421640404,"upper_bound":0.07641134727459666},"point_estimate":0.06378114517377009,"standard_error":0.006647554360877268}}