{"Mean":{"confidence_interval":{"confidence_level":0.95,"lower_bound":6.8344757796306945,"upper_bound":6.869355835203662},"point_estimate":6.851146472226782,"standard_error":0.00884364083903667},"Median":{"confidence_interval":{"confidence_level":0.95,"lower_bound":6.871402913028945,"upper_bound":6.873265245811121},"point_estimate":6.872719047483259,"standard_error":0.0005316150305007754},"MedianAbsDev":{"confidence_interval":{"confidence_level":0.95,"lower_bound":0.0037729915963019113,"upper_bound":0.0169628505626836},"point_estimate":0.008997875667256346,"standard_error":0.0031646360503701136},"Slope":{"confidence_interval":{"confidence_level":0.95,"lower_bound":6.792792099193009,"upper_bound":6.8376342681721205},"point_estimate":6.81553276779574,"standard_error":0.011468732020495758},"StdDev":{"confidence_interval":{"confidence_level":0.95,"lower_bound":0.05598808453838457,"upper_bound":0.1255588027801332},"point_estimate":0.08907200513188868,"standard_error":0.019056987496283567}}