{"Mean":{"confidence_interval":{"confidence_level":0.95,"lower_bound":6.4750635183220835,"upper_bound":6.524014270206077},"point_estimate":6.4978262156624815,"standard_error":0.012454717058355666},"Median":{"confidence_interval":{"confidence_level":0.95,"lower_bound":6.487473126023742,"upper_bound":6.508674637358501},"point_estimate":6.494302101540168,"standard_error":0.005491991768803606},"MedianAbsDev":{"confidence_interval":{"confidence_level":0.95,"lower_bound":0.062126042225727006,"upper_bound":0.12363747209023827},"point_estimate":0.08351062190832642,"standard_error":0.014535220093400325},"Slope":{"confidence_interval":{"confidence_level":0.95,"lower_bound":6.428994173209884,"upper_bound":6.482740140078307},"point_estimate":6.454611582940261,"standard_error":0.013707666369291724},"StdDev":{"confidence_interval":{"confidence_level":0.95,"lower_bound":0.08448289097847111,"upper_bound":0.17341804282536816},"point_estimate":0.12530923196957627,"standard_error":0.025593588803857075}}