{"Mean":{"confidence_interval":{"confidence_level":0.95,"lower_bound":5.399268637432378,"upper_bound":5.41837077812264},"point_estimate":5.409160348861568,"standard_error":0.004885435788535677},"Median":{"confidence_interval":{"confidence_level":0.95,"lower_bound":5.428658755501789,"upper_bound":5.431474063350219},"point_estimate":5.430945466468039,"standard_error":0.0007057090558076574},"MedianAbsDev":{"confidence_interval":{"confidence_level":0.95,"lower_bound":0.0043428855699086,"upper_bound":0.018367224584010685},"point_estimate":0.01031335753065102,"standard_error":0.0032491471526561685},"Slope":{"confidence_interval":{"confidence_level":0.95,"lower_bound":5.392255562753735,"upper_bound":5.417340369902628},"point_estimate":5.4054828448662375,"standard_error":0.0064172855578159185},"StdDev":{"confidence_interval":{"confidence_level":0.95,"lower_bound":0.04048464210915075,"upper_bound":0.05559799063087914},"point_estimate":0.04900036551121957,"standard_error":0.003858578245650822}}