{"Mean":{"confidence_interval":{"confidence_level":0.95,"lower_bound":5.108344937877001,"upper_bound":5.139092784844812},"point_estimate":5.124163351945669,"standard_error":0.007863573118911064},"Median":{"confidence_interval":{"confidence_level":0.95,"lower_bound":5.159679623126237,"upper_bound":5.167050635949124},"point_estimate":5.16264375040473,"standard_error":0.0018727104829291156},"MedianAbsDev":{"confidence_interval":{"confidence_level":0.95,"lower_bound":0.008078649761683432,"upper_bound":0.021630766156615595},"point_estimate":0.013949904517853062,"standard_error":0.003933774795591762},"Slope":{"confidence_interval":{"confidence_level":0.95,"lower_bound":5.044734410280483,"upper_bound":5.095243575638765},"point_estimate":5.068737754202657,"standard_error":0.012850274288861886},"StdDev":{"confidence_interval":{"confidence_level":0.95,"lower_bound":0.06567193962716754,"upper_bound":0.08970687399986933},"point_estimate":0.07898273606930652,"standard_error":0.006138819173580834}}