{"Mean":{"confidence_interval":{"confidence_level":0.95,"lower_bound":5.544147125967697,"upper_bound":5.567051956051681},"point_estimate":5.555437872506418,"standard_error":0.0058212703941809656},"Median":{"confidence_interval":{"confidence_level":0.95,"lower_bound":5.553046441654873,"upper_bound":5.556333620863598},"point_estimate":5.554449487739845,"standard_error":0.0008879749794883284},"MedianAbsDev":{"confidence_interval":{"confidence_level":0.95,"lower_bound":0.006511333401795765,"upper_bound":0.01417805534994549},"point_estimate":0.009492245678951105,"standard_error":0.002046682815586471},"Slope":{"confidence_interval":{"confidence_level":0.95,"lower_bound":5.524497615322669,"upper_bound":5.5502954914511315},"point_estimate":5.537877699537225,"standard_error":0.006587693346822241},"StdDev":{"confidence_interval":{"confidence_level":0.95,"lower_bound":0.04386684929321245,"upper_bound":0.07127570243817556},"point_estimate":0.05851206127671435,"standard_error":0.006985375936053624}}