{"Mean":{"confidence_interval":{"confidence_level":0.95,"lower_bound":10.342430209442968,"upper_bound":10.37969341143039},"point_estimate":10.361588450915741,"standard_error":0.00948960731966769},"Median":{"confidence_interval":{"confidence_level":0.95,"lower_bound":10.396166282135237,"upper_bound":10.405471181802634},"point_estimate":10.398887071347307,"standard_error":0.002361131507249592},"MedianAbsDev":{"confidence_interval":{"confidence_level":0.95,"lower_bound":0.015695719739327783,"upper_bound":0.04561636983984686},"point_estimate":0.026098537690542455,"standard_error":0.007653995087015335},"Slope":{"confidence_interval":{"confidence_level":0.95,"lower_bound":10.316545360784819,"upper_bound":10.366105673387905},"point_estimate":10.342009901160697,"standard_error":0.012651369791069494},"StdDev":{"confidence_interval":{"confidence_level":0.95,"lower_bound":0.0800733873693109,"upper_bound":0.10787264262666953},"point_estimate":0.09567268872175289,"standard_error":0.007106376248046981}}