{"Mean":{"confidence_interval":{"confidence_level":0.95,"lower_bound":5.132375068901012,"upper_bound":5.156045652342914},"point_estimate":5.144247690677499,"standard_error":0.006045948563615155},"Median":{"confidence_interval":{"confidence_level":0.95,"lower_bound":5.101118374835807,"upper_bound":5.1865683391015835},"point_estimate":5.155613666611879,"standard_error":0.020282077476064253},"MedianAbsDev":{"confidence_interval":{"confidence_level":0.95,"lower_bound":0.036393895320491566,"upper_bound":0.09096684212863461},"point_estimate":0.0782826601031981,"standard_error":0.01600910887745723},"Slope":{"confidence_interval":{"confidence_level":0.95,"lower_bound":5.137863260466614,"upper_bound":5.16873445076602},"point_estimate":5.153463444220267,"standard_error":0.00786572461857542},"StdDev":{"confidence_interval":{"confidence_level":0.95,"lower_bound":0.05635401468266264,"upper_bound":0.0642475735707735},"point_estimate":0.06070058361539142,"standard_error":0.0020049753398935213}}