{"Mean":{"confidence_interval":{"confidence_level":0.95,"lower_bound":6.584200192514405,"upper_bound":6.6058289167177895},"point_estimate":6.5953779271973385,"standard_error":0.0055216957218361335},"Median":{"confidence_interval":{"confidence_level":0.95,"lower_bound":6.606868296131281,"upper_bound":6.610688523905657},"point_estimate":6.608624832509536,"standard_error":0.0009058879274314711},"MedianAbsDev":{"confidence_interval":{"confidence_level":0.95,"lower_bound":0.010635216865197129,"upper_bound":0.021777232364159096},"point_estimate":0.015555578836389007,"standard_error":0.0026399083496470126},"Slope":{"confidence_interval":{"confidence_level":0.95,"lower_bound":6.57231086897302,"upper_bound":6.601356449722914},"point_estimate":6.587597296382424,"standard_error":0.007424416213795274},"StdDev":{"confidence_interval":{"confidence_level":0.95,"lower_bound":0.04267449857405902,"upper_bound":0.06612208327540216},"point_estimate":0.05541680595878493,"standard_error":0.005975354091279448}}