{"Mean":{"confidence_interval":{"confidence_level":0.95,"lower_bound":16.602961581762838,"upper_bound":16.664439394824285},"point_estimate":16.633698982497506,"standard_error":0.015727252910992882},"Median":{"confidence_interval":{"confidence_level":0.95,"lower_bound":16.61318359500043,"upper_bound":16.647376012233693},"point_estimate":16.62636636296883,"standard_error":0.00908585880700567},"MedianAbsDev":{"confidence_interval":{"confidence_level":0.95,"lower_bound":0.08041093821290414,"upper_bound":0.14317147127084326},"point_estimate":0.10434000779760126,"standard_error":0.015841553458170538},"Slope":{"confidence_interval":{"confidence_level":0.95,"lower_bound":16.50392324985202,"upper_bound":16.585196897128267},"point_estimate":16.54233560716657,"standard_error":0.02077754612951498},"StdDev":{"confidence_interval":{"confidence_level":0.95,"lower_bound":0.13150674407324942,"upper_bound":0.18225513660512974},"point_estimate":0.15821965907458482,"standard_error":0.012975700308577436}}