{"Mean":{"confidence_interval":{"confidence_level":0.95,"lower_bound":11.40595572530419,"upper_bound":11.472411054607944},"point_estimate":11.43793900300919,"standard_error":0.01697279884553525},"Median":{"confidence_interval":{"confidence_level":0.95,"lower_bound":11.438580591355269,"upper_bound":11.449113492806344},"point_estimate":11.444992394067816,"standard_error":0.00262839272650154},"MedianAbsDev":{"confidence_interval":{"confidence_level":0.95,"lower_bound":0.02200004697746131,"upper_bound":0.09258643118058674},"point_estimate":0.03305711738471953,"standard_error":0.017881468419401893},"Slope":{"confidence_interval":{"confidence_level":0.95,"lower_bound":11.392954574955038,"upper_bound":11.4997331488504},"point_estimate":11.443938677436938,"standard_error":0.02726599127333026},"StdDev":{"confidence_interval":{"confidence_level":0.95,"lower_bound":0.12274399224389564,"upper_bound":0.21382205829816325},"point_estimate":0.1710157942143354,"standard_error":0.0233636630093216}}