{"Mean":{"confidence_interval":{"confidence_level":0.95,"lower_bound":6.485306379663386,"upper_bound":6.538010583308072},"point_estimate":6.510488343348357,"standard_error":0.013408384963935493},"Median":{"confidence_interval":{"confidence_level":0.95,"lower_bound":6.4708637182088085,"upper_bound":6.517012980922116},"point_estimate":6.488489446887124,"standard_error":0.010750749514148823},"MedianAbsDev":{"confidence_interval":{"confidence_level":0.95,"lower_bound":0.08027156585140173,"upper_bound":0.12858625824088174},"point_estimate":0.10542527858038106,"standard_error":0.012525416155703371},"Slope":{"confidence_interval":{"confidence_level":0.95,"lower_bound":6.452868981143544,"upper_bound":6.497176600526593},"point_estimate":6.475060883764209,"standard_error":0.011332749178278059},"StdDev":{"confidence_interval":{"confidence_level":0.95,"lower_bound":0.10113832381440233,"upper_bound":0.16678405543899413},"point_estimate":0.13482835152704245,"standard_error":0.016792878921893326}}