{"Mean":{"confidence_interval":{"confidence_level":0.95,"lower_bound":5.398608435040746,"upper_bound":5.439632772226003},"point_estimate":5.4166701294517505,"standard_error":0.010549777326826595},"Median":{"confidence_interval":{"confidence_level":0.95,"lower_bound":5.381127172860705,"upper_bound":5.398399530513757},"point_estimate":5.386278028747191,"standard_error":0.004033376667239792},"MedianAbsDev":{"confidence_interval":{"confidence_level":0.95,"lower_bound":0.019791185163591803,"upper_bound":0.040417396072317},"point_estimate":0.028894737162109753,"standard_error":0.005242935153318016},"Slope":{"confidence_interval":{"confidence_level":0.95,"lower_bound":5.377785792217536,"upper_bound":5.396381970169097},"point_estimate":5.386561349563281,"standard_error":0.00474152888731924},"StdDev":{"confidence_interval":{"confidence_level":0.95,"lower_bound":0.04718018413241873,"upper_bound":0.15866771551079464},"point_estimate":0.10603280668657923,"standard_error":0.029882881914336214}}