{"Mean":{"confidence_interval":{"confidence_level":0.95,"lower_bound":5.525704200901797,"upper_bound":5.542252093162412},"point_estimate":5.534252652166672,"standard_error":0.004236945227715836},"Median":{"confidence_interval":{"confidence_level":0.95,"lower_bound":5.545775493911844,"upper_bound":5.547300245696437},"point_estimate":5.546560062544232,"standard_error":0.0004255656259030921},"MedianAbsDev":{"confidence_interval":{"confidence_level":0.95,"lower_bound":0.00317345572401039,"upper_bound":0.011559153265420874},"point_estimate":0.006118474499316198,"standard_error":0.002253036375595842},"Slope":{"confidence_interval":{"confidence_level":0.95,"lower_bound":5.508505081767264,"upper_bound":5.535067074315699},"point_estimate":5.522487093466135,"standard_error":0.006773971816523882},"StdDev":{"confidence_interval":{"confidence_level":0.95,"lower_bound":0.03193384176578774,"upper_bound":0.05173971610025292},"point_estimate":0.0426734165919072,"standard_error":0.005028201465699892}}